FECHA,AGUA_ACTUAL,AGUA_TOTAL,capacidad
1988-01-05,23337.0,41949.0,55.6318386612315
1988-01-12,23555.0,41949.0,56.151517318648835
1988-01-19,24334.0,41949.0,58.0085341724475
1988-01-26,25230.0,41949.0,60.14446113137381
1988-02-02,27549.0,41949.0,65.67260244582708
1988-02-09,28249.0,42108.0,67.08701434406764
1988-02-16,28313.0,42108.0,67.2390044647098
1988-02-23,27976.0,42108.0,66.43868148570343
1988-03-01,27578.0,42108.0,65.49349292296
1988-03-08,27205.0,42554.0,63.93053531982893
1988-03-15,27200.0,42554.0,63.918785543074684
1988-03-22,27128.0,42554.0,63.749588757813605
1988-03-29,26945.0,42554.0,63.319546928608354
1988-04-05,26874.0,42578.0,63.11710272910893
1988-04-12,27256.0,42704.0,63.825402772573995
1988-04-19,27825.0,42704.0,65.15783064818284
1988-04-26,28582.0,42704.0,66.93049831397528
1988-05-03,28920.0,42704.0,67.72199325590108
1988-05-10,29374.0,42704.0,68.78512551517423
1988-05-17,29930.0,42788.0,69.94951855660466
1988-05-24,30154.0,42788.0,70.47302982144527
1988-05-31,30255.0,42788.0,70.70907731139572
1988-06-07,30046.0,42788.0,70.22062260446855
1988-06-14,30030.0,42788.0,70.18322894269421
1988-06-21,30441.0,42788.0,71.1437786295223
1988-06-28,30302.0,42788.0,70.81892119285781
1988-07-05,30363.0,42788.0,70.96148452837244
1988-07-12,30329.0,42788.0,70.88202299710198
1988-07-19,29672.0,42788.0,69.3465457604936
1988-07-26,29008.0,42788.0,67.79470879685893
1988-08-02,28129.0,42788.0,65.74039450313172
1988-08-09,27277.0,42788.0,63.749182013648685
1988-08-16,26460.0,42788.0,61.839768159297
1988-08-23,25464.0,42788.0,59.512012713845
1988-08-30,24615.0,42788.0,57.52781153594466
1988-09-06,23685.0,42788.0,55.35430494531177
1988-09-13,22823.0,42788.0,53.33972141721978
1988-09-20,22064.0,42788.0,51.56585958680004
1988-09-27,21410.0,42788.0,50.03739366177433
1988-10-04,20849.0,42788.0,48.72627839581191
1988-10-11,20286.0,42788.0,47.4104889221277
1988-10-18,20034.0,42788.0,46.82153874918201
1988-10-25,19990.0,42788.0,46.71870617930261
1988-11-01,19664.0,42794.0,45.95036687386082
1988-11-08,19353.0,42794.0,45.22362948076833
1988-11-15,19679.0,42794.0,45.98541851661448
1988-11-22,19506.0,42794.0,45.581156236855634
1988-11-29,19112.0,42794.0,44.66046642052624
1988-12-06,19016.0,42794.0,44.436135906902834
1988-12-13,18945.0,42794.0,44.27022479786886
1988-12-20,18810.0,42794.0,43.954760013085945
1988-12-27,18661.0,42794.0,43.60658036173295
1989-01-03,18512.0,42794.0,43.25840071037996
1989-01-10,18441.0,42794.0,43.09248960134598
1989-01-17,18427.0,42794.0,43.0597747347759
1989-01-24,18301.0,42794.0,42.765340935645185
1989-01-31,18210.0,42794.0,42.55269430293966
1989-02-07,18126.0,42794.0,42.35640510351919
1989-02-14,18198.0,42794.0,42.52465298873674
1989-02-21,18211.0,42794.0,42.55503107912324
1989-02-28,18470.0,42794.0,43.16025611066972
1989-03-07,19475.0,42794.0,45.50871617516474
1989-03-14,19902.0,42794.0,46.50651960555218
1989-03-21,20049.0,42794.0,46.85002570453802
1989-03-28,20114.0,42794.0,47.001916156470536
1989-04-04,20235.0,42794.0,47.284666074683365
1989-04-11,20826.0,42794.0,48.66570079917746
1989-04-18,21896.0,42794.0,51.16605131560499
1989-04-25,22509.0,42794.0,52.59849511613778
1989-05-02,22946.0,42794.0,53.61966630836098
1989-05-09,23222.0,42794.0,54.264616535028274
1989-05-16,23126.0,42794.0,54.04028602140487
1989-05-23,22923.0,42794.0,53.56592045613871
1989-05-30,23001.0,42794.0,53.74818899845773
1989-06-06,23416.0,42794.0,54.71795111464224
1989-06-13,23447.0,42794.0,54.79039117633313
1989-06-20,23238.0,42794.0,54.30200495396551
1989-06-27,22781.0,42794.0,53.23409823807076
1989-07-04,22134.0,42809.0,51.70408091756406
1989-07-11,21427.0,42809.0,50.052559041323086
1989-07-18,20709.0,42809.0,48.3753416337686
1989-07-25,19994.0,42809.0,46.70513209839053
1989-08-01,19279.0,42809.0,45.03492256301245
1989-08-08,18711.0,42809.0,43.70809876427854
1989-08-15,18266.0,42809.0,42.6685977247775
1989-08-22,17611.0,42809.0,41.13854563292765
1989-08-29,17225.0,42809.0,40.23686607956271
1989-09-05,16752.0,42809.0,39.13195823308183
1989-09-12,16596.0,42809.0,38.76754887990843
1989-09-19,16374.0,42809.0,38.24896633885398
1989-09-26,16147.0,42809.0,37.71870401083884
1989-10-03,15876.0,42809.0,37.08565955756967
1989-10-10,15585.0,42809.0,36.405895956457755
1989-10-17,15425.0,42809.0,36.032142773715805
1989-10-24,15306.0,42809.0,35.75416384405148
1989-10-31,15138.0,42809.0,35.36172300217244
1989-11-07,15005.0,42809.0,35.0510406690182
1989-11-14,14989.0,42809.0,35.013665350744006
1989-11-21,15739.0,42809.0,36.76563339484688
1989-11-28,17765.0,42809.0,41.49828307131678
1989-12-05,18865.0,43703.0,43.166373017870626
1989-12-12,20415.0,43703.0,46.71304029471661
1989-12-19,23671.0,43703.0,54.16332974852985
1989-12-26,26469.0,43703.0,60.565636226346015
1990-01-02,27503.0,43703.0,62.93160652586779
1990-01-09,27958.0,43703.0,63.97272498455484
1990-01-16,27701.0,43703.0,63.38466466832941
1990-01-23,27438.0,43703.0,62.78287531748393
1990-01-30,27531.0,44267.0,62.193055775182415
1990-02-06,28641.0,44258.0,64.71372407248407
1990-02-13,28542.0,48359.0,59.021071568891
1990-02-20,30190.0,48359.0,62.42891705783825
1990-02-27,29878.0,48441.0,61.67915608678599
1990-03-06,29686.0,48441.0,61.28279763010673
1990-03-13,29440.0,48453.0,60.759911666976244
1990-03-20,29206.0,48453.0,60.27696943429715
1990-03-27,28978.0,48453.0,59.80641033578932
1990-04-03,28671.0,48453.0,59.17280663735992
1990-04-10,28813.0,48453.0,59.465874146079706
1990-04-17,29036.0,48453.0,59.92611396611149
1990-04-24,29285.0,48571.0,60.293179057462275
1990-05-01,29710.0,48571.0,61.16818677811863
1990-05-08,29648.0,48727.0,60.84511667042913
1990-05-15,29541.0,48678.0,60.6865524466905
1990-05-22,29427.0,48678.0,60.45236040921977
1990-05-29,29616.0,48678.0,60.84062615555282
1990-06-05,29393.0,48678.0,60.38251366120219
1990-06-12,29072.0,48678.0,59.723078187271454
1990-06-19,28906.0,48678.0,59.38206171165619
1990-06-26,28502.0,48678.0,58.552117999917826
1990-07-03,27952.0,48678.0,57.42224413492748
1990-07-10,27143.0,48678.0,55.760302395332594
1990-07-17,26300.0,48678.0,54.02851390772012
1990-07-24,25391.0,48678.0,52.1611405563088
1990-07-31,24633.0,48678.0,50.603968938740294
1990-08-07,23802.0,48678.0,48.89683224454579
1990-08-14,23114.0,48678.0,47.48346275524878
1990-08-21,22420.0,48678.0,46.05776736924278
1990-08-28,21824.0,48678.0,44.833394962816875
1990-09-04,21282.0,48678.0,43.71995562677185
1990-09-11,20715.0,48678.0,42.555158387772714
1990-09-18,20311.0,48678.0,41.72521467603435
1990-09-25,19990.0,48678.0,41.06577920210362
1990-10-02,19703.0,48678.0,40.476190476190474
1990-10-09,19525.0,48678.0,40.11052220715724
1990-10-16,19415.0,48678.0,39.88454743415917
1990-10-23,19583.0,48692.0,40.21810564363756
1990-10-30,20006.0,48692.0,41.086831512363425
1990-11-06,20410.0,48692.0,41.91653659738766
1990-11-13,20881.0,48692.0,42.883841288096605
1990-11-20,20916.0,48692.0,42.955721679125936
1990-11-27,20922.0,48692.0,42.968044031873816
1990-12-04,20923.0,48692.0,42.9700977573318
1990-12-11,20886.0,48692.0,42.89410991538651
1990-12-18,21079.0,48692.0,43.2904789287768
1990-12-25,21043.0,48692.0,43.21654481228949
1991-01-01,21394.0,48692.0,43.93740244804074
1991-01-08,22127.0,48692.0,45.44278320874066
1991-01-15,23171.0,48692.0,47.58687258687259
1991-01-22,23460.0,48678.0,48.19425613213361
1991-01-29,23423.0,48678.0,48.118246435761534
1991-02-05,23322.0,48678.0,47.91076050782694
1991-02-12,23567.0,48678.0,48.41406795677719
1991-02-19,23697.0,48678.0,48.681129052138544
1991-02-26,24075.0,48678.0,49.45766054480463
1991-03-05,24648.0,48678.0,50.634783680512754
1991-03-12,27968.0,48678.0,57.45511319281811
1991-03-19,29708.0,48678.0,61.02962323842393
1991-03-26,30180.0,48678.0,61.99926044619746
1991-04-02,30229.0,48678.0,62.09992193598751
1991-04-09,30098.0,48678.0,61.83080652450799
1991-04-16,30032.0,48678.0,61.69522166070915
1991-04-23,30504.0,48678.0,62.66485886848268
1991-04-30,30298.0,48678.0,62.24166974814084
1991-05-07,30172.0,48678.0,61.98282591725215
1991-05-14,29892.0,48678.0,61.40761740416615
1991-05-21,29671.0,48678.0,60.95361354205185
1991-05-28,29357.0,48678.0,60.308558280948276
1991-06-04,29081.0,48678.0,59.741567032334935
1991-06-11,28787.0,48678.0,59.13759809359464
1991-06-18,28491.0,48678.0,58.52952052261802
1991-06-25,27925.0,48678.0,57.36677759973705
1991-07-02,27203.0,48678.0,55.88356136242245
1991-07-09,26613.0,48678.0,54.671514852705535
1991-07-16,25715.0,48678.0,52.82673897859403
1991-07-23,24974.0,48678.0,51.30449073503431
1991-07-30,24077.0,48678.0,49.46176917704096
1991-08-06,23395.0,48678.0,48.06072558445294
1991-08-13,22699.0,48678.0,46.63092156621061
1991-08-20,22039.0,48678.0,45.275072928222194
1991-08-27,21371.0,48678.0,43.90278976128847
1991-09-03,20705.0,48678.0,42.534615226591065
1991-09-10,20221.0,48678.0,41.54032622539957
1991-09-17,19839.0,48678.0,40.75557746826082
1991-09-24,19366.0,48678.0,39.78388594436912
1991-10-01,19071.0,48678.0,39.17786268951066
1991-10-08,18894.0,48700.0,38.79671457905544
1991-10-15,18841.0,48700.0,38.68788501026694
1991-10-22,18783.0,48700.0,38.568788501026695
1991-10-29,18568.0,48700.0,38.12731006160164
1991-11-05,18646.0,48700.0,38.28747433264887
1991-11-12,18650.0,48700.0,38.29568788501027
1991-11-19,19050.0,48700.0,39.1170431211499
1991-11-26,19473.0,48700.0,39.98562628336756
1991-12-03,19685.0,48700.0,40.42094455852156
1991-12-10,19821.0,48700.0,40.700205338809035
1991-12-17,19628.0,48700.0,40.303901437371664
1991-12-24,19499.0,48700.0,40.03901437371663
1991-12-31,19479.0,48700.0,39.997946611909654
1992-01-07,19364.0,48700.0,39.761806981519506
1992-01-14,19477.0,48700.0,39.993839835728956
1992-01-21,19474.0,48700.0,39.987679671457904
1992-01-28,19486.0,48700.0,40.012320328542096
1992-02-04,19433.0,48700.0,39.903490759753595
1992-02-11,19378.0,48700.0,39.790554414784395
1992-02-18,19555.0,48700.0,40.15400410677618
1992-02-25,19543.0,48700.0,40.12936344969199
1992-03-03,19623.0,48700.0,40.29363449691992
1992-03-10,19693.0,48700.0,40.437371663244356
1992-03-17,19719.0,48700.0,40.49075975359343
1992-03-24,19630.0,48700.0,40.30800821355236
1992-03-31,19632.0,48700.0,40.31211498973306
1992-04-07,20688.0,48700.0,42.48049281314169
1992-04-14,21652.0,48700.0,44.459958932238195
1992-04-21,22170.0,48700.0,45.52361396303901
1992-04-28,22523.0,48806.0,46.14801458837028
1992-05-05,22599.0,48806.0,46.303733147563825
1992-05-12,22684.0,48806.0,46.47789206245134
1992-05-19,22504.0,48806.0,46.1090849485719
1992-05-26,22385.0,48806.0,45.86526246772938
1992-06-02,22443.0,48767.0,46.020874771874425
1992-06-09,22714.0,48767.0,46.576578423934215
1992-06-16,22894.0,48767.0,46.945680480652904
1992-06-23,23150.0,48767.0,47.47062562798614
1992-06-30,23351.0,48767.0,47.882789591322
1992-07-07,23157.0,48767.0,47.48497959685853
1992-07-14,22742.0,48767.0,46.63399429942379
1992-07-21,22160.0,48767.0,45.44056431603338
1992-07-28,21562.0,48767.0,44.21432526093465
1992-08-04,21038.0,48949.0,42.97942756746818
1992-08-11,20544.0,48949.0,41.970213896095935
1992-08-18,20261.0,48949.0,41.392061124844226
1992-08-25,19718.0,48949.0,40.2827432633966
1992-09-01,19227.0,48949.0,39.27965841998815
1992-09-08,18956.0,48949.0,38.72602096059163
1992-09-15,18784.0,48949.0,38.37463482400049
1992-09-22,18381.0,48949.0,37.55132893419682
1992-09-29,18292.0,48949.0,37.369507037937446
1992-10-06,18371.0,48949.0,37.53089950765082
1992-10-13,18414.0,48949.0,37.61874604179861
1992-10-20,18640.0,48949.0,38.08045108173813
1992-10-27,18864.0,48949.0,38.53807023636846
1992-11-03,19102.0,48949.0,39.02429058816319
1992-11-10,19538.0,48949.0,39.91501358556865
1992-11-17,19491.0,48949.0,39.81899528080247
1992-11-24,19673.0,48949.0,40.19081084393961
1992-12-01,19581.0,48951.0,40.00122571551143
1992-12-08,20110.0,48951.0,41.08189822475537
1992-12-15,20806.0,48951.0,42.50372821801393
1992-12-22,20898.0,48951.0,42.691671263099835
1992-12-29,20730.0,48951.0,42.34847091989949
1993-01-05,20424.0,48951.0,41.723356009070294
1993-01-12,20526.0,48951.0,41.93172764601336
1993-01-19,20567.0,48951.0,42.01548487262773
1993-01-26,20429.0,48951.0,41.73357030499888
1993-02-02,20279.0,48951.0,41.42714142714143
1993-02-09,20245.0,48951.0,41.357684214827074
1993-02-16,20174.0,48951.0,41.21264121264121
1993-02-23,20202.0,48951.0,41.26984126984127
1993-03-02,20144.0,48951.0,41.151355437069725
1993-03-09,19981.0,48951.0,40.81836938979796
1993-03-16,20046.0,48951.0,40.951155236869525
1993-03-23,20319.0,48951.0,41.50885579457008
1993-03-30,20470.0,48951.0,41.817327531613245
1993-04-06,20513.0,48951.0,41.90517047659905
1993-04-13,20689.0,48951.0,42.264713693285124
1993-04-20,20639.0,48951.0,42.1625707339993
1993-04-27,20795.0,48951.0,42.48125676697105
1993-05-04,21434.0,48951.0,43.786643786643786
1993-05-11,21824.0,48951.0,44.58335886907315
1993-05-18,22231.0,48951.0,45.4148025576597
1993-05-25,22612.0,48951.0,46.19313190741762
1993-06-01,23527.0,48952.0,48.06136623631312
1993-06-08,23715.0,48952.0,48.4454159176336
1993-06-15,23936.0,48952.0,48.89687857493055
1993-06-22,23785.0,48952.0,48.588413139401865
1993-06-29,23658.0,48952.0,48.32897532276516
1993-07-06,23350.0,48952.0,47.6997875469848
1993-07-13,22782.0,48952.0,46.53946723320804
1993-07-20,22099.0,48952.0,45.144222912240565
1993-07-27,21455.0,48952.0,43.82864847197254
1993-08-03,20924.0,48952.0,42.74391240398758
1993-08-10,20024.0,48952.0,40.905376695538486
1993-08-17,19565.0,48952.0,39.96772348422945
1993-08-24,18873.0,48952.0,38.55409380617748
1993-08-31,18644.0,48952.0,38.08628860924988
1993-09-07,18168.0,48952.0,37.11390750122569
1993-09-14,17781.0,48952.0,36.32333714659258
1993-09-21,17535.0,48952.0,35.82080405294983
1993-09-28,17696.0,48952.0,36.14969766301683
1993-10-05,17708.0,48952.0,36.17421147246282
1993-10-12,17937.0,48952.0,36.64201666939042
1993-10-19,20406.0,48952.0,41.685732962902435
1993-10-26,20897.0,48952.0,42.68875633273411
1993-11-02,21103.0,48952.0,43.109576728223566
1993-11-09,21980.0,48952.0,44.901127635234516
1993-11-16,22116.0,48952.0,45.17895080895571
1993-11-23,21661.0,48952.0,44.24946886746201
1993-11-30,21140.0,48952.0,43.18516097401536
1993-12-07,21046.0,48952.0,42.99313613335512
1993-12-14,21021.0,48915.0,42.97454768475928
1993-12-21,20902.0,48915.0,42.7312685270367
1993-12-28,21211.0,49711.0,42.66862465047977
1994-01-04,21868.0,48964.0,44.66138387386651
1994-01-11,23051.0,48964.0,47.077444653214606
1994-01-18,24191.0,48964.0,49.40568580998284
1994-01-25,24178.0,48964.0,49.37913569152847
1994-02-01,24405.0,51101.0,47.75836089313321
1994-02-08,24456.0,51101.0,47.858163245337664
1994-02-15,24469.0,51101.0,47.883603060605466
1994-02-22,24351.0,51099.0,47.654552926671755
1994-03-01,24773.0,51119.0,48.461433126626105
1994-03-08,25396.0,51114.0,49.68501780334155
1994-03-15,25635.0,51114.0,50.1526000704308
1994-03-22,25604.0,51114.0,50.09195132449035
1994-03-29,25518.0,51114.0,49.923699964784596
1994-04-05,25556.0,51114.0,49.99804358884063
1994-04-12,25521.0,51114.0,49.929569198262705
1994-04-19,25161.0,51114.0,49.225261180889774
1994-04-26,24996.0,51114.0,48.90245333959385
1994-05-03,24921.0,51114.0,48.755722502641156
1994-05-10,24734.0,51114.0,48.38987361583911
1994-05-17,24755.0,51114.0,48.43095825018586
1994-05-24,25802.0,51114.0,50.479320734045466
1994-05-31,26671.0,51114.0,52.17944203153735
1994-06-07,26520.0,51114.0,51.88402394647259
1994-06-14,26183.0,51114.0,51.22471338576515
1994-06-21,25743.0,51114.0,50.36389247564268
1994-06-28,25061.0,51114.0,49.02962006495285
1994-07-05,24427.0,51114.0,47.789255389912746
1994-07-12,23734.0,51114.0,46.433462456469854
1994-07-19,22915.0,51114.0,44.83116171694643
1994-07-26,22251.0,51114.0,43.53210470712525
1994-08-02,21436.0,51114.0,41.937629612239306
1994-08-09,20739.0,51114.0,40.574011034158936
1994-08-16,20100.0,51114.0,39.32386430332198
1994-08-23,19478.0,51114.0,38.10697656219431
1994-08-30,18936.0,51114.0,37.04660171381617
1994-09-06,18398.0,51114.0,35.99405251007552
1994-09-13,17846.0,51114.0,34.91411355010369
1994-09-20,17455.0,51114.0,34.149156786790314
1994-09-27,17291.0,51114.0,33.82830535665376
1994-10-04,17226.0,51114.0,33.701138631294754
1994-10-11,17100.0,51114.0,33.454630825214224
1994-10-18,17294.0,51114.0,33.83417459013186
1994-10-25,17332.0,51114.0,33.90851821418789
1994-11-01,17421.0,51114.0,34.08263880737176
1994-11-08,17958.0,51114.0,35.13323159995305
1994-11-15,18671.0,51114.0,36.528152756583324
1994-11-22,18606.0,51114.0,36.40098603122432
1994-11-29,18459.0,51114.0,36.113393590797045
1994-12-06,18280.0,51114.0,35.763195993269946
1994-12-13,18297.0,51114.0,35.79645498297922
1994-12-20,18212.0,51114.0,35.63016003443283
1994-12-27,18232.0,51095.0,35.68255210881691
1995-01-03,18877.0,51114.0,36.931173455413386
1995-01-10,19381.0,51095.0,37.93130443291907
1995-01-17,19585.0,51095.0,38.33056072022703
1995-01-24,19863.0,51095.0,38.87464526861728
1995-01-31,20390.0,51095.0,39.90605734416283
1995-02-07,20520.0,51095.0,40.16048537038849
1995-02-14,20638.0,51095.0,40.39142773265486
1995-02-21,21764.0,51095.0,42.59516586750171
1995-02-28,22013.0,51095.0,43.082493394657014
1995-03-07,22216.0,51095.0,43.47979254330169
1995-03-14,22530.0,51095.0,44.09433408356982
1995-03-21,22495.0,51095.0,44.02583423035522
1995-03-28,22266.0,51095.0,43.57764947646541
1995-04-04,21991.0,51095.0,43.039436344064974
1995-04-11,21690.0,51095.0,42.45033760641942
1995-04-18,21326.0,51095.0,41.73793913298757
1995-04-25,20965.0,51095.0,41.03141207554555
1995-05-02,20755.0,51098.0,40.61802810286117
1995-05-09,20628.0,51095.0,40.37185634602211
1995-05-16,20467.0,51095.0,40.05675702123496
1995-05-23,20533.0,51095.0,40.18592817301106
1995-05-30,20334.0,51095.0,39.796457579019474
1995-06-06,19958.0,51095.0,39.06057344162834
1995-06-13,19670.0,51095.0,38.49691750660534
1995-06-20,19264.0,51095.0,37.70231920931598
1995-06-27,18829.0,51095.0,36.85096389079166
1995-07-04,18444.0,51095.0,36.09746550543106
1995-07-11,18056.0,51095.0,35.33809570408064
1995-07-18,17600.0,51095.0,34.445640473627556
1995-07-25,17000.0,51095.0,33.27135727566298
1995-08-01,16421.0,51095.0,32.13817398962716
1995-08-08,15855.0,51095.0,31.030433506213914
1995-08-15,15355.0,51095.0,30.051864174576767
1995-08-22,14944.0,51095.0,29.247480183971035
1995-08-29,14498.0,51095.0,28.3745963401507
1995-09-05,14327.0,51095.0,28.039925628730796
1995-09-12,13786.0,51095.0,26.981113611899403
1995-09-19,13553.0,51095.0,26.525100303356492
1995-09-26,13481.0,51095.0,26.384186319600744
1995-10-03,13350.0,51095.0,26.12780115471181
1995-10-10,13231.0,51095.0,25.89490165378217
1995-10-17,13040.0,51095.0,25.52108816909678
1995-10-24,12853.0,51095.0,25.155103239064488
1995-10-31,12817.0,51442.0,24.915438746549512
1995-11-07,12765.0,51442.0,24.814354029781114
1995-11-14,12929.0,51442.0,25.133159674973758
1995-11-21,13807.0,51442.0,26.839936238870962
1995-11-28,14357.0,51442.0,27.90910151238288
1995-12-05,14687.0,51442.0,28.550600676490028
1995-12-12,15165.0,51442.0,29.47980249601493
1995-12-19,15711.0,51442.0,30.541192022083123
1995-12-26,17855.0,51442.0,34.70899265191866
1996-01-02,22590.0,51442.0,43.9135336884258
1996-01-09,25339.0,51442.0,49.25741611912445
1996-01-16,28844.0,51442.0,56.07091481668675
1996-01-23,30115.0,51442.0,58.54165856692975
1996-01-30,32538.0,51442.0,63.25181758096497
1996-02-06,33750.0,51442.0,65.60786905641305
1996-02-13,34550.0,51442.0,67.16301854515766
1996-02-20,34534.0,51442.0,67.13191555538276
1996-02-27,34266.0,51442.0,66.61094047665331
1996-03-05,34387.0,51442.0,66.84615683682594
1996-03-12,34333.0,51441.0,66.74248167803891
1996-03-19,34283.0,51441.0,66.64528294551039
1996-03-26,34564.0,51441.0,67.19153982232072
1996-04-02,35268.0,51441.0,68.56009797632238
1996-04-09,35827.0,51441.0,69.64677980599133
1996-04-16,35815.0,51441.0,69.62345211018449
1996-04-23,35856.0,51441.0,69.70315507085787
1996-04-30,36153.0,51441.0,70.28051554207732
1996-05-07,36060.0,51441.0,70.09972589957427
1996-05-14,36644.0,51441.0,71.23500709550747
1996-05-21,37094.0,51562.0,71.94057639346806
1996-05-28,37209.0,51562.0,72.16360885923743
1996-06-04,37040.0,51562.0,71.83584810519375
1996-06-11,36695.0,51441.0,71.33414980268657
1996-06-18,36149.0,51562.0,70.10783134866762
1996-06-25,35706.0,51562.0,69.24867150226912
1996-07-02,35000.0,51562.0,67.8794461037198
1996-07-09,34322.0,51562.0,66.56452426205345
1996-07-16,33693.0,51562.0,65.34463364493232
1996-07-23,32789.0,51562.0,63.591404522710526
1996-07-30,32017.0,51562.0,62.094177882937046
1996-08-06,31514.0,51562.0,61.1186532717893
1996-08-13,30836.0,51562.0,59.80373143012296
1996-08-20,30263.0,51562.0,58.69244792676778
1996-08-27,29713.0,51562.0,57.625770916566466
1996-09-03,29228.0,51562.0,56.68515573484349
1996-09-10,28712.0,51562.0,55.68441875800008
1996-09-17,27921.0,51562.0,54.15034327605601
1996-09-24,27579.0,51562.0,53.48706411698538
1996-10-01,27232.0,51562.0,52.81408789418564
1996-10-08,26897.0,51562.0,52.16438462433575
1996-10-15,26658.0,51562.0,51.70086497808464
1996-10-22,26531.0,51562.0,51.45455955936542
1996-10-29,26209.0,51562.0,50.8300686552112
1996-11-05,25845.0,51562.0,50.124122415732515
1996-11-12,25460.0,51562.0,49.3774485085916
1996-11-19,25728.0,51562.0,49.89721112447151
1996-11-26,26437.0,51562.0,51.27225476125829
1996-12-03,27113.0,51562.0,52.583297777432996
1996-12-10,27312.0,51562.0,52.96924091385129
1996-12-17,29157.0,51562.0,56.54745742989023
1996-12-24,30942.0,51562.0,60.00930918117994
1996-12-31,34007.0,51562.0,65.95360924711997
1997-01-07,34853.0,51562.0,67.59435243008417
1997-01-14,36859.0,51562.0,71.48481439820023
1997-01-21,37818.0,51559.0,73.3489788397758
1997-01-28,38920.0,51559.0,75.48633604220407
1997-02-04,38845.0,51559.0,75.34087162280106
1997-02-11,38672.0,51559.0,75.00533369537811
1997-02-18,38858.0,51559.0,75.36608545549758
1997-02-25,38985.0,51559.0,75.61240520568668
1997-03-04,39062.0,51559.0,75.76174867627378
1997-03-11,38960.0,51559.0,75.56391706588569
1997-03-18,38846.0,51559.0,75.3428111483931
1997-03-25,38709.0,51559.0,75.0770961422836
1997-04-01,38473.0,51559.0,74.61936810256212
1997-04-08,38044.0,51559.0,73.78731162357687
1997-04-15,37714.0,51559.0,73.14726817820362
1997-04-22,37498.0,51559.0,72.72833065032293
1997-04-29,37458.0,51559.0,72.65074962664133
1997-05-06,37237.0,51559.0,72.22211447080045
1997-05-13,36987.0,51559.0,71.73723307279039
1997-05-20,36999.0,51559.0,71.76050737989488
1997-05-27,36923.0,51559.0,71.61310343489983
1997-06-03,37173.0,51559.0,72.09798483290987
1997-06-10,37637.0,51559.0,72.99792470761652
1997-06-17,37714.0,51559.0,73.14726817820362
1997-06-24,37384.0,51559.0,72.50722473283035
1997-07-01,37006.0,51559.0,71.77408405903915
1997-07-08,36716.0,51559.0,71.2116216373475
1997-07-15,36332.0,51559.0,70.46684381000408
1997-07-22,35790.0,51559.0,69.4156209391183
1997-07-29,35244.0,51559.0,68.35663996586435
1997-08-05,34465.0,51559.0,66.84574952966504
1997-08-12,33822.0,51559.0,65.5986345739832
1997-08-19,33250.0,51559.0,64.48922593533622
1997-08-26,32678.0,51558.0,63.381046588308315
1997-09-02,32192.0,51558.0,62.43841886807091
1997-09-09,31685.0,51558.0,61.45506032041584
1997-09-16,30990.0,51558.0,60.10706388921215
1997-09-23,30625.0,51558.0,59.399123317428916
1997-09-30,30323.0,51558.0,58.813375227898675
1997-10-07,30193.0,51558.0,58.56123201055122
1997-10-14,30027.0,51558.0,58.23926451763063
1997-10-21,29685.0,51558.0,57.57593389968579
1997-10-28,29672.0,51558.0,57.55071957795104
1997-11-04,29847.0,51564.0,57.88340702815918
1997-11-11,31908.0,51564.0,61.88038166162439
1997-11-18,33306.0,51564.0,64.59157551780312
1997-11-25,33824.0,51564.0,65.59615235435575
1997-12-02,35728.0,51564.0,69.28865099681948
1997-12-09,36094.0,51564.0,69.99844852998216
1997-12-16,36076.0,51564.0,69.96354045458071
1997-12-23,39591.0,51564.0,76.78031184547359
1997-12-30,40604.0,51564.0,78.7448607555659
1998-01-06,40881.0,51564.0,79.28205724924366
1998-01-13,40326.0,50580.0,79.72716488730724
1998-01-20,40212.0,50580.0,79.5017793594306
1998-01-27,40048.0,51181.0,78.2477872648053
1998-02-03,40113.0,51181.0,78.3747875188058
1998-02-10,41346.0,51564.0,80.18384919711427
1998-02-17,40603.0,51564.0,78.7429214180436
1998-02-24,40420.0,51564.0,78.38802265146226
1998-03-03,40338.0,51564.0,78.22899697463346
1998-03-10,40254.0,51564.0,78.06609262276007
1998-03-17,40201.0,51564.0,77.96330773407804
1998-03-24,40046.0,51564.0,77.66271041812116
1998-03-31,39786.0,51564.0,77.15848266232256
1998-04-07,40178.0,51564.0,77.91870297106509
1998-04-14,40574.0,51564.0,78.68668062989683
1998-04-21,40892.0,51564.0,79.30338996198898
1998-04-28,41356.0,51564.0,80.20324257233729
1998-05-05,41726.0,51564.0,80.92079745558917
1998-05-12,41724.0,51564.0,80.91691878054456
1998-05-19,41787.0,51564.0,81.03909704444962
1998-05-26,41757.0,51564.0,80.98091691878055
1998-06-02,41981.0,51564.0,81.41532852377628
1998-06-09,42346.0,51564.0,82.12318671941665
1998-06-16,42286.0,51564.0,82.0068264680785
1998-06-23,41694.0,51564.0,80.8587386548755
1998-06-30,40865.0,51564.0,79.25102784888682
1998-07-07,40063.0,51564.0,77.69567915600031
1998-07-14,39159.0,51564.0,75.94251803583896
1998-07-21,38239.0,51564.0,74.15832751532076
1998-07-28,37131.0,51564.0,72.00954154060973
1998-08-04,36066.0,51564.0,69.94414707935769
1998-08-11,35136.0,51564.0,68.14056318361648
1998-08-18,34269.0,51564.0,66.45915755178031
1998-08-25,33571.0,51564.0,65.10549996121325
1998-09-01,32684.0,51564.0,63.385307578931034
1998-09-08,31933.0,51564.0,61.92886509968195
1998-09-15,31250.0,51564.0,60.604297571949424
1998-09-22,30683.0,51564.0,59.50469319680397
1998-09-29,30697.0,51564.0,59.5318439221162
1998-10-06,30636.0,51564.0,59.41354433325576
1998-10-13,30513.0,51564.0,59.175005818012565
1998-10-20,30675.0,51689.0,59.34531525082706
1998-10-27,30405.0,51564.0,58.96555736560391
1998-11-03,30070.0,51689.0,58.174853450444004
1998-11-10,29962.0,51689.0,57.96591150921859
1998-11-17,29847.0,51689.0,57.74342703476562
1998-11-24,29563.0,51689.0,57.193987115246955
1998-12-01,29503.0,51689.0,57.07790825901062
1998-12-08,29490.0,51689.0,57.052757840159416
1998-12-15,29497.0,51689.0,57.06630037338699
1998-12-22,29471.0,51689.0,57.01599953568458
1998-12-29,29461.0,51689.0,56.99665305964518
1999-01-05,29769.0,51689.0,57.59252452165838
1999-01-12,30021.0,51689.0,58.080055717850996
1999-01-19,30221.0,51729.0,58.4217750198148
1999-01-26,30653.0,51689.0,59.3027530035404
1999-02-02,30924.0,51689.0,59.82704250420786
1999-02-09,31025.0,51689.0,60.02244191220569
1999-02-16,31074.0,51689.0,60.1172396447987
1999-02-23,31159.0,51689.0,60.28168469113351
1999-03-02,31745.0,52431.0,60.546241727222444
1999-03-09,32106.0,53069.0,60.49859616725395
1999-03-16,32544.0,53069.0,61.32393676157455
1999-03-23,32785.0,53069.0,61.77806252237653
1999-03-30,32818.0,53069.0,61.84024571783904
1999-04-06,32999.0,53069.0,62.18131112325463
1999-04-13,32947.0,53069.0,62.083325481919765
1999-04-20,32587.0,53069.0,61.40496334960146
1999-04-27,32586.0,53069.0,61.403079010345024
1999-05-04,32758.0,53069.0,61.72718536245266
1999-05-11,33215.0,53069.0,62.588328402645615
1999-05-18,33239.0,53069.0,62.63355254480017
1999-05-25,33647.0,53069.0,63.40236296142758
1999-06-01,33279.0,53069.0,62.70892611505776
1999-06-08,32781.0,53069.0,61.77052516535077
1999-06-15,31993.0,53069.0,60.28566583127626
1999-06-22,31462.0,53069.0,59.285081686106764
1999-06-29,30601.0,53069.0,57.66266558631216
1999-07-06,29688.0,53069.0,55.94226384518269
1999-07-13,28843.0,53069.0,54.34999717349112
1999-07-20,28074.0,53069.0,52.90094028528896
1999-07-27,27244.0,53069.0,51.33693870244399
1999-08-03,26525.0,53069.0,49.982098777063825
1999-08-10,26014.0,53069.0,49.01920141702312
1999-08-17,25395.0,53069.0,47.85279541728693
1999-08-24,24753.0,53069.0,46.643049614652625
1999-08-31,24104.0,53069.0,45.420113437223236
1999-09-07,23458.0,53069.0,44.20283027756317
1999-09-14,23258.0,53069.0,43.825962426275225
1999-09-21,23011.0,53069.0,43.360530629934615
1999-09-28,23451.0,53069.0,44.18963990276809
1999-10-05,23398.0,53069.0,44.08976992217679
1999-10-12,23194.0,53069.0,43.705364713863084
1999-10-19,23086.0,53069.0,43.50185607416759
1999-10-26,24972.0,53069.0,47.05571991181292
1999-11-02,26534.0,53069.0,49.99905783037178
1999-11-09,26893.0,53069.0,50.675535623433646
1999-11-16,26889.0,53069.0,50.667998266407885
1999-11-23,27023.0,53069.0,50.92049972677081
1999-11-30,26793.0,53069.0,50.48710169778967
1999-12-07,26610.0,53069.0,50.1422676138612
1999-12-14,26527.0,53069.0,49.9858674555767
1999-12-21,27021.0,53069.0,50.91673104825793
1999-12-28,27242.0,53069.0,51.33317002393111
2000-01-04,27726.0,53069.0,52.24519022404794
2000-01-11,27734.0,53069.0,52.26026493809945
2000-01-18,27643.0,53069.0,52.08879006576344
2000-01-25,27532.0,53069.0,51.87962840829863
2000-02-01,27346.0,53069.0,51.52914130660084
2000-02-08,27342.0,53069.0,51.52160394957508
2000-02-15,27455.0,53069.0,51.73453428555277
2000-02-22,27623.0,53069.0,52.05110328063464
2000-02-29,27681.0,53069.0,52.16039495750815
2000-03-07,27518.0,53069.0,51.853247658708476
2000-03-14,27351.0,53069.0,51.53856300288304
2000-03-21,27205.0,53069.0,51.26344947144284
2000-03-28,26976.0,53069.0,50.831935781718144
2000-04-04,27004.0,53069.0,50.88469728089845
2000-04-11,27617.0,53069.0,52.039797245096004
2000-04-18,29186.0,53069.0,54.996325538449945
2000-04-25,31384.0,53069.0,59.13810322410447
2000-05-02,32537.0,53069.0,61.31074638677948
2000-05-09,33375.0,53069.0,62.889822683675966
2000-05-16,34105.0,53069.0,64.26539034087698
2000-05-23,34631.0,53069.0,65.25655278976427
2000-05-30,34639.0,53069.0,65.2716275038158
2000-06-06,34499.0,53069.0,65.00782000791422
2000-06-13,34410.0,53069.0,64.84011381409108
2000-06-20,34071.0,53069.0,64.20132280615802
2000-06-27,33441.0,53069.0,63.01418907460099
2000-07-04,32655.0,53127.0,61.465921282963464
2000-07-11,31954.0,53168.0,60.100060186578396
2000-07-18,31220.0,53168.0,58.71953054468853
2000-07-25,30460.0,53168.0,57.29009930785435
2000-08-01,29634.0,53168.0,55.73653325308456
2000-08-08,28849.0,53168.0,54.260081251880834
2000-08-15,28075.0,53168.0,52.8043183869997
2000-08-22,27315.0,53168.0,51.37488715016551
2000-08-29,26555.0,53168.0,49.94545591333133
2000-09-05,25705.0,53168.0,48.346749924766776
2000-09-12,24778.0,53168.0,46.60321998194403
2000-09-19,23914.0,53168.0,44.97818236533253
2000-09-26,23336.0,53168.0,43.89106229310864
2000-10-03,22813.0,53168.0,42.907387902497746
2000-10-10,22349.0,53168.0,42.03468251579898
2000-10-17,22136.0,53168.0,41.63406560337045
2000-10-24,22083.0,53168.0,41.53438158290701
2000-10-31,22318.0,53168.0,41.97637676798074
2000-11-07,22708.0,53168.0,42.70990069214565
2000-11-14,23480.0,53168.0,44.16190189587722
2000-11-21,23719.0,53168.0,44.61142040325007
2000-11-28,24840.0,53000.0,46.867924528301884
2000-12-05,26084.0,53168.0,49.05958471260909
2000-12-12,28215.0,53168.0,53.06763466746916
2000-12-19,28600.0,53168.0,53.79175443876016
2000-12-26,29744.0,53168.0,55.943424616310566
2001-01-02,32330.0,53191.0,60.7809591848245
2001-01-09,34364.0,53191.0,64.60491436521215
2001-01-16,35812.0,53191.0,67.32717941005058
2001-01-23,36201.0,53191.0,68.05850613825648
2001-01-30,37435.0,53191.0,70.37844748171683
2001-02-06,37886.0,53191.0,71.2263352822846
2001-02-13,38677.0,53191.0,72.71342896354646
2001-02-20,38753.0,53191.0,72.85631027805456
2001-02-27,38441.0,53191.0,72.26974488165291
2001-03-06,39454.0,53191.0,74.1742024026621
2001-03-13,41558.0,53191.0,78.12975879378091
2001-03-20,41802.0,53191.0,78.58848301404373
2001-03-27,42037.0,53191.0,79.03028707864112
2001-04-03,42001.0,53191.0,78.9626064559794
2001-04-10,41851.0,53191.0,78.68060386155553
2001-04-17,41748.0,53191.0,78.48696208005114
2001-04-24,41327.0,53191.0,77.69547479836814
2001-05-01,41143.0,53191.0,77.34955161587487
2001-05-08,41216.0,53191.0,77.48679287849448
2001-05-15,41122.0,53191.0,77.31007125265552
2001-05-22,41266.0,53191.0,77.58079374330244
2001-05-29,41221.0,53191.0,77.49619296497528
2001-06-05,40753.0,53191.0,76.61634487037281
2001-06-12,40295.0,53191.0,75.75529694873192
2001-06-19,39854.0,53191.0,74.92620932112575
2001-06-26,38950.0,53191.0,73.22667368539791
2001-07-03,38056.0,53191.0,71.54593822263165
2001-07-10,37290.0,53191.0,70.10584497377376
2001-07-17,36647.0,53191.0,68.89699385234344
2001-07-24,35944.0,53191.0,67.57534169314357
2001-07-31,35166.0,53191.0,66.11268823673178
2001-08-07,34187.0,53191.0,64.272151303792
2001-08-14,33307.0,53191.0,62.61773608317196
2001-08-21,32705.0,53191.0,61.48596567088417
2001-08-28,31715.0,53191.0,59.624748547686636
2001-09-04,30863.0,53191.0,58.022973811359066
2001-09-11,30248.0,53174.0,56.884943769511416
2001-09-18,29513.0,53191.0,55.484950461544244
2001-09-25,29091.0,53191.0,54.691583162565095
2001-10-02,28973.0,53191.0,54.46974112161832
2001-10-09,28741.0,53191.0,54.033577108909405
2001-10-16,28671.0,53191.0,53.901975898178264
2001-10-23,28922.0,53191.0,54.3738602395142
2001-10-30,29168.0,53191.0,54.83634449436935
2001-11-06,28849.0,53191.0,54.23661897689459
2001-11-13,28749.0,53191.0,54.04861724727868
2001-11-20,28599.0,53191.0,53.766614652854805
2001-11-27,28216.0,53191.0,53.04656802842586
2001-12-04,27995.0,53191.0,52.631084205974695
2001-12-11,27819.0,53191.0,52.30020116185069
2001-12-18,27467.0,53191.0,51.63843507360268
2001-12-25,27102.0,53191.0,50.952228760504596
2002-01-01,27156.0,53191.0,51.05374969449719
2002-01-08,27509.0,53191.0,51.71739580004136
2002-01-15,27580.0,53191.0,51.85087702806866
2002-01-22,27515.0,53191.0,51.72867590381831
2002-01-29,28046.0,53191.0,52.72696508807881
2002-02-05,28396.0,53191.0,53.3849711417345
2002-02-12,28989.0,53191.0,54.499821398356865
2002-02-19,29318.0,53191.0,55.118347088793215
2002-02-26,29466.0,53191.0,55.39658964862477
2002-03-05,29637.0,53191.0,55.71807260626798
2002-03-12,29606.0,53191.0,55.65979207008704
2002-03-19,30491.0,53191.0,57.32360737718787
2002-03-26,31540.0,53224.0,59.25898091086728
2002-04-02,31688.0,53224.0,59.53705095445664
2002-04-09,31803.0,53224.0,59.75311889373215
2002-04-16,32497.0,53224.0,61.05704193596873
2002-04-23,32876.0,53224.0,61.769126709755
2002-04-30,32958.0,53224.0,61.92319254471667
2002-05-07,32935.0,53224.0,61.879978956861564
2002-05-14,33199.0,53224.0,62.37599579137231
2002-05-21,33477.0,53224.0,62.898316548925294
2002-05-28,33330.0,53224.0,62.62212535698181
2002-06-04,32964.0,53224.0,61.93446565459191
2002-06-11,32801.0,53224.0,61.62821283631445
2002-06-18,32511.0,53224.0,61.083345859010976
2002-06-25,31813.0,53224.0,59.77190741019089
2002-07-02,31140.0,53224.0,58.50744025251766
2002-07-09,30493.0,53224.0,57.29182323763715
2002-07-16,29846.0,53224.0,56.07620622275665
2002-07-23,29167.0,53224.0,54.800465955208175
2002-07-30,28458.0,53224.0,53.46836013828348
2002-08-06,27728.0,53224.0,52.09679843679543
2002-08-13,27018.0,53224.0,50.76281376822486
2002-08-20,26385.0,53224.0,49.573500676386594
2002-08-27,25832.0,53224.0,48.534495716218245
2002-09-03,25535.0,53224.0,47.97647677739366
2002-09-10,25129.0,53224.0,47.2136630091688
2002-09-17,24847.0,53224.0,46.683826845032314
2002-09-24,24941.0,53224.0,46.86043889974447
2002-10-01,24903.0,53224.0,46.78904253720126
2002-10-08,24815.0,53224.0,46.62370359236435
2002-10-15,24994.0,53224.0,46.960018036975804
2002-10-22,25187.0,53224.0,47.32263640462949
2002-10-29,25694.0,53224.0,48.27521418908763
2002-11-05,25783.0,53224.0,48.44243198557042
2002-11-12,25876.0,53224.0,48.617165188636704
2002-11-19,26466.0,53224.0,49.72568765970239
2002-11-26,27886.0,53224.0,52.39365699684353
2002-12-03,29071.0,53224.0,54.62009619720427
2002-12-10,29718.0,53211.0,55.84935445678525
2002-12-17,30308.0,53211.0,56.95814775140479
2002-12-24,32095.0,53211.0,60.31647591663378
2002-12-31,33746.0,53211.0,63.419217830899626
2003-01-07,34784.0,53211.0,65.36994230516247
2003-01-14,35461.0,53211.0,66.64223562797166
2003-01-21,35565.0,53211.0,66.83768393753171
2003-01-28,37081.0,53211.0,69.68671891150326
2003-02-04,37052.0,53211.0,69.6322189021067
2003-02-11,36944.0,53139.0,69.52332561771956
2003-02-18,36908.0,53151.0,69.43989765009125
2003-02-25,37282.0,53151.0,70.14355327275122
2003-03-04,39184.0,53151.0,73.72203721472785
2003-03-11,39591.0,53151.0,74.48778009821076
2003-03-18,39657.0,53151.0,74.61195461985663
2003-03-25,39716.0,53151.0,74.72295911647946
2003-04-01,40192.0,53223.0,75.51622418879056
2003-04-08,40570.0,53222.0,76.22787569050392
2003-04-15,40416.0,53222.0,75.93852166397355
2003-04-22,41115.0,53353.0,77.06220831068543
2003-04-29,41639.0,53349.0,78.05019775440964
2003-05-06,41740.0,53349.0,78.23951714183958
2003-05-13,41888.0,53314.0,78.56848107438947
2003-05-20,41859.0,53349.0,78.46257661811843
2003-05-27,41504.0,53314.0,77.84821997974265
2003-06-03,41080.0,53246.0,77.1513353115727
2003-06-10,40921.0,53246.0,76.85272133117981
2003-06-17,40419.0,53246.0,75.90992750629155
2003-06-24,39632.0,53202.0,74.49344009623698
2003-07-01,38830.0,53202.0,72.98597797075298
2003-07-08,38065.0,53202.0,71.54806210292845
2003-07-15,37181.0,53237.0,69.8405244472829
2003-07-22,36334.0,53237.0,68.24952570580611
2003-07-29,35403.0,53202.0,66.54449080861622
2003-08-05,34547.0,53202.0,64.93552873952108
2003-08-12,33623.0,53202.0,63.1987519266193
2003-08-19,32779.0,53202.0,61.612345400548854
2003-08-26,32026.0,53202.0,60.19698507574903
2003-09-02,31474.0,53193.0,59.169439587915704
2003-09-09,31170.0,53193.0,58.59793581862275
2003-09-16,31025.0,53193.0,58.32534356024289
2003-09-23,30470.0,53193.0,57.28197319196135
2003-09-30,29872.0,53193.0,56.157765119470604
2003-10-07,29983.0,53193.0,56.366439193126915
2003-10-14,29796.0,53193.0,56.01488917714737
2003-10-21,29848.0,53193.0,56.112646400842216
2003-10-28,30073.0,53198.0,56.5303206887477
2003-11-04,31514.0,53198.0,59.23906913793752
2003-11-11,32035.0,53198.0,60.218429264258056
2003-11-18,32789.0,53198.0,61.6357757810444
2003-11-25,33510.0,53198.0,62.991089890597394
2003-12-02,34308.0,53198.0,64.49114628369487
2003-12-09,35317.0,53198.0,66.3878341291026
2003-12-16,36225.0,53198.0,68.09466521297793
2003-12-23,35900.0,53198.0,67.4837399902252
2003-12-30,35651.0,53198.0,67.01567728110079
2004-01-06,36209.0,53198.0,68.06458889431933
2004-01-13,36196.0,53198.0,68.04015188540923
2004-01-20,36588.0,53198.0,68.77702169254484
2004-01-27,36786.0,53198.0,69.14921613594495
2004-02-03,37256.0,53198.0,70.03270799654122
2004-02-10,37245.0,53198.0,70.01203052746344
2004-02-17,36825.0,53198.0,69.22252716267529
2004-02-24,36476.0,53198.0,68.56648746193466
2004-03-02,37685.0,53198.0,70.83912929057483
2004-03-09,37974.0,53198.0,71.38238279634572
2004-03-16,38404.0,53198.0,72.1906838602955
2004-03-23,38859.0,53198.0,73.04597917214933
2004-03-30,38730.0,53198.0,72.80348885296439
2004-04-06,39604.0,53198.0,74.44640775969022
2004-04-13,40155.0,53198.0,75.48216098349562
2004-04-20,40238.0,53198.0,75.63818188653708
2004-04-27,40452.0,53198.0,76.04045264859582
2004-05-04,40549.0,53198.0,76.22279033046355
2004-05-11,40778.0,53198.0,76.65325764126472
2004-05-18,40889.0,53198.0,76.86191210195872
2004-05-25,40756.0,53198.0,76.61190270310914
2004-06-01,40915.0,53198.0,76.91078611977893
2004-06-08,40704.0,53198.0,76.5141546674687
2004-06-15,40458.0,53198.0,76.05173126809278
2004-06-22,39918.0,53198.0,75.03665551336516
2004-06-29,39279.0,53198.0,73.83548253693748
2004-07-06,38395.0,53198.0,72.17376593105004
2004-07-13,37652.0,53198.0,70.77709688334149
2004-07-20,36872.0,53198.0,69.31087634873491
2004-07-27,36023.0,53198.0,67.71495168991315
2004-08-03,35166.0,53198.0,66.1039888717621
2004-08-10,34453.0,53198.0,64.7637129215384
2004-08-17,33718.0,53198.0,63.38208203315914
2004-08-24,33103.0,53198.0,62.22602353471935
2004-08-31,32254.0,53198.0,60.63009887589759
2004-09-07,31552.0,53198.0,59.310500394751685
2004-09-14,31259.0,53198.0,58.75972780931614
2004-09-21,30811.0,53198.0,57.917590886875445
2004-09-28,30324.0,53198.0,57.00214293770443
2004-10-05,29797.0,53198.0,56.011504191886914
2004-10-12,29277.0,53198.0,55.034023835482536
2004-10-19,28999.0,53198.0,54.511447798789426
2004-10-26,29457.0,53198.0,55.372382420391745
2004-11-02,30209.0,53198.0,56.78596939734577
2004-11-09,30516.0,53198.0,57.363058761607576
2004-11-16,30637.0,53198.0,57.59051092146321
2004-11-23,30459.0,53198.0,57.25591187638633
2004-11-30,30070.0,53198.0,56.52468137899921
2004-12-07,29959.0,53198.0,56.3160269183052
2004-12-14,29960.0,53198.0,56.31790668822136
2004-12-21,29922.0,53198.0,56.2464754314072
2004-12-28,30061.0,53198.0,56.50776344975375
2005-01-04,30377.0,53198.0,57.10177074326103
2005-01-11,30475.0,53198.0,57.28598819504493
2005-01-18,30471.0,53198.0,57.278469115380275
2005-01-25,30722.0,53198.0,57.750291364337
2005-02-01,30731.0,53198.0,57.76720929358247
2005-02-08,30803.0,53198.0,57.90255272754615
2005-02-15,30787.0,53198.0,57.87247640888755
2005-02-22,30842.0,53198.0,57.975863754276475
2005-03-01,30755.0,53198.0,57.81232377157036
2005-03-08,30464.0,53198.0,57.26531072596714
2005-03-15,30361.0,53198.0,57.07169442460243
2005-03-22,30576.0,53198.0,57.47584495657731
2005-03-29,31056.0,53198.0,58.3781345163352
2005-04-05,31425.0,53198.0,59.07176961539908
2005-04-12,31765.0,53198.0,59.71089138689425
2005-04-19,31917.0,53198.0,59.99661641415091
2005-04-26,32191.0,53198.0,60.51167337117937
2005-05-03,32122.0,53832.0,59.670827760439884
2005-05-10,31926.0,53198.0,60.013534343396366
2005-05-17,31753.0,53198.0,59.6883341479003
2005-05-24,31843.0,53198.0,59.8575134403549
2005-05-31,31484.0,53198.0,59.18267604045265
2005-06-07,31016.0,53198.0,58.30294371968871
2005-06-14,30398.0,53198.0,57.141245911500434
2005-06-21,29786.0,53217.0,55.97083638686886
2005-06-28,28991.0,53217.0,54.476952853411504
2005-07-05,28303.0,53217.0,53.18413288986602
2005-07-12,27612.0,53217.0,51.88567562996787
2005-07-19,26791.0,53217.0,50.34293552812071
2005-07-26,25934.0,53217.0,48.73254787004153
2005-08-02,25168.0,53217.0,47.29315820132664
2005-08-09,24494.0,53217.0,46.026645620760284
2005-08-16,23866.0,53217.0,44.84657158426818
2005-08-23,23190.0,53217.0,43.576300806133375
2005-08-30,22657.0,53217.0,42.57474115414247
2005-09-06,22037.0,53217.0,41.40969990792416
2005-09-13,21735.0,53217.0,40.84221207508879
2005-09-20,21513.0,53217.0,40.42505214499126
2005-09-27,21238.0,53217.0,39.90829997932991
2005-10-04,20973.0,53252.0,39.384436265304586
2005-10-11,20756.0,53252.0,38.9769398332457
2005-10-18,20937.0,53252.0,39.31683317058514
2005-10-25,21100.0,53252.0,39.62292496056486
2005-11-01,21643.0,53252.0,40.642604972583186
2005-11-08,22222.0,53252.0,41.729888079320965
2005-11-15,22474.0,53252.0,42.20310974235709
2005-11-22,23008.0,53252.0,43.20588898069556
2005-11-29,23209.0,53252.0,43.58333959287914
2005-12-06,23706.0,53252.0,44.51663787275595
2005-12-13,24226.0,53252.0,45.493127018703525
2005-12-20,24265.0,53252.0,45.56636370464959
2005-12-27,24142.0,53252.0,45.335386464358145
2006-01-03,24364.0,53252.0,45.75227221512807
2006-01-10,24947.0,53252.0,46.84706677683467
2006-01-17,25129.0,53252.0,47.18883797791632
2006-01-24,25251.0,53252.0,47.41793735446556
2006-01-31,25370.0,53252.0,47.641403139788174
2006-02-07,25451.0,53252.0,47.793510102906936
2006-02-14,25548.0,53252.0,47.975662885901
2006-02-21,25935.0,53252.0,48.70239615413506
2006-02-28,26322.0,53252.0,49.429129422369115
2006-03-07,26980.0,53252.0,50.66476376474123
2006-03-14,27948.0,53252.0,52.48253586719748
2006-03-21,28661.0,53252.0,53.82145271539097
2006-03-28,30284.0,53252.0,56.86922556899271
2006-04-04,30889.0,53252.0,58.00533313302787
2006-04-11,30990.0,53252.0,58.19499737099076
2006-04-18,31208.0,53252.0,58.604371666791856
2006-04-25,31391.0,53252.0,58.94802073161571
2006-05-02,31663.0,53252.0,59.45879966949598
2006-05-09,31559.0,53252.0,59.26350184030647
2006-05-16,31352.0,53252.0,58.87478404566965
2006-05-23,31012.0,53252.0,58.23631037331931
2006-05-30,30572.0,53252.0,57.41005032674829
2006-06-06,30103.0,53252.0,56.52933223165327
2006-06-13,29467.0,53252.0,55.335010891609706
2006-06-20,28985.0,53252.0,54.42988056786599
2006-06-27,28448.0,53252.0,53.42146773830091
2006-07-04,27925.0,53252.0,52.43934500112672
2006-07-11,27273.0,53252.0,51.21497784120784
2006-07-18,26462.0,53252.0,49.692030346278074
2006-07-25,25777.0,53252.0,48.40569368286637
2006-08-01,24901.0,53252.0,46.760685044693155
2006-08-08,24100.0,53252.0,45.25651618718546
2006-08-15,23362.0,53252.0,43.87065274543679
2006-08-22,22761.0,53252.0,42.742056636370464
2006-08-29,22170.0,53252.0,41.63223916472621
2006-09-05,21624.0,53252.0,40.60692556148126
2006-09-12,21049.0,53252.0,39.52715390971231
2006-09-19,20826.0,53252.0,39.10839029520018
2006-09-26,20860.0,53252.0,39.172237662435215
2006-10-03,20983.0,54151.0,38.74905357241787
2006-10-10,20955.0,54151.0,38.6973463093941
2006-10-17,20915.0,54151.0,38.623478790788724
2006-10-24,21765.0,54151.0,40.19316356115307
2006-10-31,24326.0,54151.0,44.92253143986261
2006-11-07,25276.0,54151.0,46.67688500674041
2006-11-14,25828.0,54151.0,47.696256763494674
2006-11-21,26641.0,54151.0,49.19761407914905
2006-11-28,28497.0,54151.0,52.625066942438735
2006-12-05,29623.0,54151.0,54.704437591180216
2006-12-12,30854.0,54151.0,56.977710476260825
2006-12-19,30968.0,54151.0,57.18823290428616
2006-12-26,30391.0,54151.0,56.12269394840354
2007-01-02,30089.0,54151.0,55.56499418293291
2007-01-09,29826.0,54151.0,55.07931524810253
2007-01-16,29735.0,54151.0,54.91126664327528
2007-01-23,29742.0,54147.0,54.928250872624524
2007-01-30,29819.0,54147.0,55.07045635030565
2007-02-06,30008.0,54148.0,55.418482677107185
2007-02-13,30871.0,54148.0,57.012262687449216
2007-02-20,32295.0,54148.0,59.64209204402748
2007-02-27,32846.0,54148.0,60.65967348747876
2007-03-06,32946.0,54148.0,60.84435251532836
2007-03-13,32881.0,54148.0,60.72431114722612
2007-03-20,32576.0,54148.0,60.16104011228485
2007-03-27,32333.0,54148.0,59.71227007461033
2007-04-03,32693.0,54148.0,60.37711457486888
2007-04-10,33027.0,54148.0,60.99394252788653
2007-04-17,33692.0,54148.0,62.22205806308636
2007-04-24,33936.0,54148.0,62.67267489103937
2007-05-01,34298.0,54148.0,63.341212971854915
2007-05-08,34852.0,54148.0,64.36433478614168
2007-05-15,35076.0,54148.0,64.77801580852478
2007-05-22,35031.0,54148.0,64.69491024599246
2007-05-29,35394.0,54148.0,65.3652951170865
2007-06-05,35395.0,54148.0,65.367141907365
2007-06-12,35132.0,54148.0,64.88143606412056
2007-06-19,35013.0,54148.0,64.66166802097953
2007-06-26,34949.0,54148.0,64.54347344315579
2007-07-03,34374.0,54148.0,63.48156903302061
2007-07-10,33525.0,54148.0,61.91364408657753
2007-07-17,32539.0,54148.0,60.0927088719805
2007-07-24,31629.0,54148.0,58.41212971854916
2007-07-31,30676.0,54148.0,56.652138583142495
2007-08-07,29468.0,54148.0,54.42121592671936
2007-08-14,28586.0,54148.0,52.792346901085914
2007-08-21,27741.0,54148.0,51.23180911575682
2007-08-28,27060.0,54148.0,49.974144936101055
2007-09-04,26491.0,54148.0,48.923321267636844
2007-09-11,25839.0,54148.0,47.71921400605747
2007-09-18,25300.0,54148.0,46.72379404594814
2007-09-25,24885.0,54148.0,45.95737608037231
2007-10-02,24571.0,54148.0,45.37748393292458
2007-10-09,24641.0,54148.0,45.50675925241929
2007-10-16,24388.0,54148.0,45.03952131195982
2007-10-23,23847.0,54148.0,44.040407771293495
2007-10-30,23452.0,54148.0,43.31092561128758
2007-11-06,23113.0,54148.0,42.684863706877444
2007-11-13,22809.0,54148.0,42.12343946221467
2007-11-20,22562.0,54148.0,41.667282263426166
2007-11-27,22831.0,54148.0,42.164068848341586
2007-12-04,22693.0,54148.0,41.909211789909136
2007-12-11,22653.0,54148.0,41.8353401787693
2007-12-18,22481.0,54148.0,41.51769225086799
2007-12-25,22473.0,54148.0,41.502917928640024
2008-01-01,22466.0,54148.0,41.48999039669055
2008-01-08,22672.0,54148.0,41.87042919406072
2008-01-15,22975.0,54151.0,42.427655998965854
2008-01-22,23469.0,54151.0,43.339919853742316
2008-01-29,23656.0,54151.0,43.68525050322247
2008-02-05,23695.0,54151.0,43.75727133386272
2008-02-12,23891.0,54151.0,44.11922217502909
2008-02-19,23947.0,54151.0,44.22263670107662
2008-02-26,24134.0,54151.0,44.56796735055678
2008-03-04,24300.0,54151.0,44.874517552769106
2008-03-11,24433.0,54308.0,44.989688443691534
2008-03-18,24604.0,54308.0,45.304559180967814
2008-03-25,24684.0,54308.0,45.45186712823157
2008-04-01,25315.0,54308.0,46.613758562274434
2008-04-08,25838.0,54308.0,47.57678426751123
2008-04-15,27216.0,54308.0,50.11416365912941
2008-04-22,28639.0,54308.0,52.73440377108345
2008-04-29,30194.0,54308.0,55.597701996022685
2008-05-06,30411.0,54308.0,55.99727480297562
2008-05-13,30519.0,54308.0,56.19614053178169
2008-05-20,31111.0,54308.0,57.286219341533474
2008-05-27,31686.0,54308.0,58.34499521249171
2008-06-03,32187.0,54308.0,59.26751123223098
2008-06-10,32556.0,54308.0,59.94696913898505
2008-06-17,32686.0,54308.0,60.18634455328865
2008-06-24,32530.0,54308.0,59.899094056124326
2008-07-01,32092.0,54308.0,59.09258304485527
2008-07-08,31394.0,54308.0,57.80732120497901
2008-07-15,30696.0,54308.0,56.52205936510275
2008-07-22,30095.0,54308.0,55.41540841128379
2008-07-29,29293.0,54308.0,53.93864623996465
2008-08-05,28320.0,54308.0,52.14701333136923
2008-08-12,27579.0,54308.0,50.782573469838695
2008-08-19,26768.0,54308.0,49.28923915445238
2008-08-26,26101.0,54308.0,48.06105914414083
2008-09-02,25396.0,54308.0,46.76290785887899
2008-09-09,24767.0,54308.0,45.60469912351771
2008-09-16,24288.0,54308.0,44.72269278927598
2008-09-23,23866.0,54308.0,43.945643367459674
2008-09-30,23526.0,54308.0,43.319584591588715
2008-10-07,23175.0,54308.0,42.67327097296899
2008-10-14,23014.0,54308.0,42.37681372910068
2008-10-21,22923.0,54308.0,42.209250939088165
2008-10-28,22823.0,54308.0,42.02511600500847
2008-11-04,23262.0,54308.0,42.83346836561832
2008-11-11,23843.0,54308.0,43.90329233262135
2008-11-18,23807.0,54308.0,43.83700375635266
2008-11-25,23917.0,54308.0,44.03955218384032
2008-12-02,24185.0,54308.0,44.533033807173894
2008-12-09,24559.0,54308.0,45.22169846063195
2008-12-16,25350.0,54308.0,46.67820578920233
2008-12-23,25714.0,54308.0,47.34845694925241
2008-12-30,25903.0,54308.0,47.696471974663034
2009-01-06,25915.0,54308.0,47.7185681667526
2009-01-13,26120.0,54308.0,48.096044781615966
2009-01-20,26354.0,54308.0,48.52692052736245
2009-01-27,27633.0,54308.0,50.88200633424173
2009-02-03,29137.0,54308.0,53.651395742800325
2009-02-10,30698.0,54308.0,56.52574206378434
2009-02-17,31568.0,54308.0,58.12771599027768
2009-02-24,31762.0,54368.0,58.420394349617425
2009-03-03,31680.0,54368.0,58.269570335491466
2009-03-10,32207.0,54368.0,59.238890523837554
2009-03-17,32661.0,54368.0,60.073940553266624
2009-03-24,32802.0,54368.0,60.33328428487346
2009-03-31,32739.0,54364.0,60.22183798101685
2009-04-07,32680.0,54364.0,60.11331027886101
2009-04-14,32921.0,54364.0,60.556618350378926
2009-04-21,33390.0,54364.0,61.4193216098889
2009-04-28,33427.0,54364.0,61.48738135530866
2009-05-05,33410.0,54364.0,61.45611066146715
2009-05-12,33301.0,54364.0,61.255610330365684
2009-05-19,33362.0,54364.0,61.36781693767934
2009-05-26,33321.0,54364.0,61.29239938194393
2009-06-02,33106.0,54364.0,60.896917077477745
2009-06-09,32722.0,54364.0,60.190567287175334
2009-06-16,32503.0,54364.0,59.787727172393495
2009-06-23,31967.0,54364.0,58.801780590096385
2009-06-30,31399.0,54364.0,57.756971525274075
2009-07-07,30665.0,54364.0,56.40681333235229
2009-07-14,29983.0,54375.0,55.14114942528736
2009-07-21,29190.0,54375.0,53.682758620689654
2009-07-28,28411.0,54375.0,52.25011494252873
2009-08-04,27496.0,54375.0,50.56735632183908
2009-08-11,26794.0,54375.0,49.27632183908046
2009-08-18,26168.0,54375.0,48.12505747126437
2009-08-25,25437.0,54375.0,46.78068965517242
2009-09-01,24717.0,54375.0,45.45655172413793
2009-09-08,24129.0,54375.0,44.3751724137931
2009-09-15,23637.0,54375.0,43.47034482758621
2009-09-22,23413.0,54375.0,43.0583908045977
2009-09-29,23191.0,54375.0,42.65011494252874
2009-10-06,22949.0,54375.0,42.20505747126437
2009-10-13,22782.0,54375.0,41.89793103448276
2009-10-20,22547.0,54375.0,41.46574712643678
2009-10-27,22611.0,54375.0,41.58344827586207
2009-11-03,22498.0,54375.0,41.375632183908046
2009-11-10,22547.0,54388.0,41.455835846142534
2009-11-17,23065.0,54388.0,42.40825182025447
2009-11-24,23354.0,54388.0,42.939619033610356
2009-12-01,23312.0,54388.0,42.86239611679047
2009-12-08,23899.0,54388.0,43.94167831139222
2009-12-15,24287.0,54388.0,44.65507097153784
2009-12-22,24213.0,54388.0,44.51901154666471
2009-12-29,27662.0,55111.0,50.193246357351526
2010-01-05,31945.0,55111.0,57.964834606521386
2010-01-12,34376.0,55111.0,62.37593220954074
2010-01-19,36644.0,55111.0,66.49126308722397
2010-01-26,37532.0,55111.0,68.10255665838037
2010-02-02,37736.0,55111.0,68.47271869499737
2010-02-09,37928.0,55223.0,68.68152762435942
2010-02-16,38369.0,55357.0,69.31192080495691
2010-02-23,39954.0,55348.0,72.18689022186891
2010-03-02,42711.0,55378.0,77.12629564086822
2010-03-09,44052.0,55378.0,79.54783488027736
2010-03-16,44364.0,55561.0,79.84737495725419
2010-03-23,44507.0,55561.0,80.10474973452601
2010-03-30,45140.0,55561.0,81.24403808426774
2010-04-06,45572.0,55561.0,82.02156188693507
2010-04-13,45569.0,55561.0,82.01616241608322
2010-04-20,45650.0,55561.0,82.16194812908336
2010-04-27,45978.0,55561.0,82.752290275553
2010-05-04,46198.0,55561.0,83.1482514713558
2010-05-11,46458.0,55561.0,83.61620561185003
2010-05-18,46684.0,55561.0,84.02296574935656
2010-05-25,46650.0,55571.0,83.94666282773389
2010-06-01,46541.0,55581.0,83.73544916428276
2010-06-08,46114.0,55581.0,82.96720102193196
2010-06-15,46262.0,55581.0,83.2334790665875
2010-06-22,46395.0,55581.0,83.47276947158201
2010-06-29,46024.0,55581.0,82.80527518396575
2010-07-06,45416.0,55581.0,81.71137618970512
2010-07-13,44658.0,55581.0,80.34760079883414
2010-07-20,43843.0,55581.0,78.88127237725122
2010-07-27,43036.0,55586.0,77.42237253984817
2010-08-03,42164.0,55586.0,75.85363220954916
2010-08-10,41350.0,55586.0,74.38923469938474
2010-08-17,40549.0,55586.0,72.94822437304357
2010-08-24,39767.0,55586.0,71.54139531536718
2010-08-31,38991.0,55586.0,70.14536034253229
2010-09-07,38318.0,55586.0,68.93462382614328
2010-09-14,37643.0,55586.0,67.72028928147375
2010-09-21,37193.0,55586.0,66.91073291836074
2010-09-28,36783.0,55586.0,66.17313712085777
2010-10-05,36473.0,55586.0,65.61544273737992
2010-10-12,36383.0,55586.0,65.45353146475732
2010-10-19,36404.0,55586.0,65.4913107617026
2010-10-26,36141.0,55586.0,65.01817004281654
2010-11-02,36108.0,55586.0,64.95880257618825
2010-11-09,36136.0,55586.0,65.00917497211528
2010-11-16,36490.0,55586.0,65.64602597776418
2010-11-23,36998.0,55586.0,66.55992516101176
2010-11-30,37167.0,55586.0,66.8639585507142
2010-12-07,38194.0,55586.0,68.71154607275213
2010-12-14,40222.0,55586.0,72.35994674918145
2010-12-21,40187.0,55586.0,72.29698125427265
2010-12-28,41160.0,55586.0,74.04742201273702
2011-01-04,41427.0,55586.0,74.52775878818407
2011-01-11,42987.0,55586.0,77.33422084697585
2011-01-18,43353.0,55586.0,77.99266002230777
2011-01-25,43076.0,55586.0,77.49433310545821
2011-02-01,42529.0,55586.0,76.51027237074084
2011-02-08,42302.0,55586.0,76.10189616090382
2011-02-15,42040.0,55594.0,75.61967118753823
2011-02-22,43016.0,55594.0,77.37525632262475
2011-03-01,44216.0,55594.0,79.53376263625572
2011-03-08,44313.0,55590.0,79.71397733405288
2011-03-15,44195.0,55590.0,79.50170894045692
2011-03-22,45158.0,55590.0,81.23403489836302
2011-03-29,45469.0,55590.0,81.79348803741681
2011-04-05,45724.0,55590.0,82.25220363374707
2011-04-12,45788.0,55590.0,82.36733225400252
2011-04-19,45541.0,55590.0,81.92300773520418
2011-04-26,45544.0,55590.0,81.92840438927865
2011-05-03,45710.0,55590.0,82.2270192480662
2011-05-10,45903.0,55590.0,82.57420399352401
2011-05-17,45914.0,55590.0,82.59399172513042
2011-05-24,45670.0,55590.0,82.15506386040654
2011-05-31,45294.0,55590.0,81.47868321640583
2011-06-07,45030.0,55590.0,81.00377765785213
2011-06-14,44926.0,55590.0,80.81669364993704
2011-06-21,44438.0,55590.0,79.93883792048929
2011-06-28,43702.0,55590.0,78.61485878755171
2011-07-05,42857.0,55590.0,77.09480122324159
2011-07-12,42075.0,55590.0,75.68807339449542
2011-07-19,41293.0,55590.0,74.28134556574923
2011-07-26,40446.0,55590.0,72.75769023205612
2011-08-02,39734.0,55590.0,71.47688433171433
2011-08-09,38950.0,55590.0,70.06655873358518
2011-08-16,38235.0,55590.0,68.78035617916892
2011-08-23,37352.0,55590.0,67.19194099658212
2011-08-30,36637.0,55590.0,65.90573844216586
2011-09-06,36088.0,55590.0,64.91815074653715
2011-09-13,35600.0,55590.0,64.0402950170894
2011-09-20,35073.0,55590.0,63.0922827846735
2011-09-27,34616.0,55590.0,62.27019248066199
2011-10-04,34172.0,55590.0,61.471487677639864
2011-10-11,33756.0,55590.0,60.72315164597949
2011-10-18,33328.0,55590.0,59.953228998021224
2011-10-25,32933.0,55590.0,59.242669544882176
2011-11-01,33032.0,55590.0,59.42075912933981
2011-11-08,33793.0,55590.0,60.78971037956467
2011-11-15,34210.0,55590.0,61.53984529591653
2011-11-22,34658.0,55590.0,62.345745637704624
2011-11-29,34781.0,55590.0,62.56700845475805
2011-12-06,34577.0,55590.0,62.20003597769383
2011-12-13,34367.0,55590.0,61.82227019248066
2011-12-20,34447.0,55590.0,61.966180967799964
2011-12-27,34533.0,55590.0,62.12088505126821
2012-01-03,34536.0,55590.0,62.126281705342684
2012-01-10,34588.0,55590.0,62.219823709300236
2012-01-17,34469.0,55590.0,62.00575643101277
2012-01-24,34396.0,55590.0,61.87443784853391
2012-01-31,34350.0,55590.0,61.79168915272531
2012-02-07,34330.0,55590.0,61.75571145889548
2012-02-14,34501.0,55590.0,62.063320741140494
2012-02-21,34705.0,55590.0,62.43029321820471
2012-02-28,34758.0,55590.0,62.52563410685375
2012-03-06,34764.0,55590.0,62.5364274150027
2012-03-13,34724.0,55590.0,62.46447202734305
2012-03-20,34525.0,55590.0,62.106493973736285
2012-03-27,34452.0,55590.0,61.97517539125742
2012-04-03,34304.0,55590.0,61.708940456916714
2012-04-10,34354.0,55590.0,61.798884691491274
2012-04-17,34458.0,55590.0,61.98596869940637
2012-04-24,34936.0,55590.0,62.8458355819392
2012-05-01,35470.0,55590.0,63.80644000719554
2012-05-08,36404.0,55590.0,65.48659830904839
2012-05-15,37131.0,55590.0,66.79438747976255
2012-05-22,37116.0,55590.0,66.76740420939018
2012-05-29,37083.0,55590.0,66.70804101457097
2012-06-05,36755.0,55590.0,66.11800683576183
2012-06-12,36303.0,55590.0,65.30491095520777
2012-06-19,35773.0,55590.0,64.3515020687174
2012-06-26,35056.0,55557.0,63.099159421855035
2012-07-03,34009.0,55411.0,61.37590009203949
2012-07-10,33259.0,55411.0,60.02237822814965
2012-07-17,32501.0,55411.0,58.65441879771164
2012-07-24,31597.0,55398.0,57.03635510307231
2012-07-31,30754.0,55398.0,55.514639517672116
2012-08-07,29892.0,55398.0,53.958626665222575
2012-08-14,29025.0,55398.0,52.39358821618109
2012-08-21,28184.0,55398.0,50.87548286941767
2012-08-28,27450.0,55398.0,49.55052528972165
2012-09-04,26797.0,55398.0,48.37178237481498
2012-09-11,26219.0,55398.0,47.32842340878732
2012-09-18,25682.0,55398.0,46.35907433481353
2012-09-25,25209.0,55398.0,45.50525289721651
2012-10-02,25176.0,55398.0,45.44568395970974
2012-10-09,25065.0,55398.0,45.24531571536878
2012-10-16,24777.0,55398.0,44.725441351673346
2012-10-23,25226.0,55398.0,45.53593992562909
2012-10-30,25836.0,55398.0,46.63706270984512
2012-11-06,26717.0,55339.0,48.278790726250925
2012-11-13,27960.0,55339.0,50.52494624044525
2012-11-20,28322.0,55339.0,51.17909611666275
2012-11-27,28666.0,55325.0,51.81382738364211
2012-12-04,28981.0,55327.0,52.38129665443635
2012-12-11,29272.0,55327.0,52.90726046957182
2012-12-18,29942.0,55327.0,54.118242449436984
2012-12-25,30783.0,55327.0,55.63829594953639
2013-01-01,30872.0,55327.0,55.799157734921465
2013-01-08,30969.0,55327.0,55.97447900663329
2013-01-15,30976.0,55327.0,55.987131057169194
2013-01-22,32588.0,55328.0,58.89965297860034
2013-01-29,34528.0,55328.0,62.40601503759399
2013-02-05,35774.0,55328.0,64.65803932909196
2013-02-12,36106.0,55328.0,65.2580971659919
2013-02-19,36520.0,55328.0,66.00636205899364
2013-02-26,37267.0,55328.0,67.35649219201851
2013-03-05,37497.0,55328.0,67.77219491035281
2013-03-12,40684.0,55328.0,73.53238866396761
2013-03-19,42371.0,55328.0,76.58147773279352
2013-03-26,43147.0,55328.0,77.98402255639098
2013-04-02,45327.0,55328.0,81.92416136495083
2013-04-09,46408.0,55328.0,83.87796414112204
2013-04-16,46796.0,55326.0,84.58229403896902
2013-04-23,47040.0,55326.0,85.0233163431298
2013-04-30,47117.0,55326.0,85.16249141452482
2013-05-07,47469.0,55326.0,85.79872031233054
2013-05-14,47392.0,55326.0,85.65954524093554
2013-05-21,47441.0,55326.0,85.74811119545964
2013-05-28,47444.0,55326.0,85.75353360083867
2013-06-04,47306.0,55326.0,85.50410295340346
2013-06-11,47091.0,55326.0,85.11549723457325
2013-06-18,46877.0,55326.0,84.72869898420272
2013-06-25,46585.0,55326.0,84.20091819397751
2013-07-02,46150.0,55326.0,83.41466941401873
2013-07-09,45462.0,55326.0,82.17113111376206
2013-07-16,44754.0,55326.0,80.8914434443119
2013-07-23,44195.0,55326.0,79.88106857535335
2013-07-30,43234.0,55326.0,78.14409138560532
2013-08-06,42405.0,55326.0,76.64570003253444
2013-08-13,41634.0,55326.0,75.25214185012472
2013-08-20,40853.0,55326.0,73.84050898311824
2013-08-27,40018.0,55326.0,72.33127281928931
2013-09-03,39383.0,55326.0,71.18353034739543
2013-09-10,38751.0,55326.0,70.0412102808806
2013-09-17,38075.0,55326.0,68.81936160214005
2013-09-24,37469.0,55343.0,67.70323256780442
2013-10-01,36879.0,55343.0,66.63715375024844
2013-10-08,36817.0,55343.0,66.52512512874257
2013-10-15,36581.0,55343.0,66.09869360172019
2013-10-22,36313.0,55343.0,65.61444085069476
2013-10-29,36782.0,55343.0,66.46188316498925
2013-11-05,36722.0,55343.0,66.35346836998356
2013-11-12,36988.0,55343.0,66.8341072945088
2013-11-19,36825.0,55343.0,66.53958043474333
2013-11-26,36761.0,55343.0,66.42393798673726
2013-12-03,36377.0,55343.0,65.73008329870083
2013-12-10,36003.0,55343.0,65.05429774316535
2013-12-17,35715.0,55343.0,64.53390672713803
2013-12-24,35531.0,55343.0,64.20143468912057
2013-12-31,36912.0,55343.0,66.69678188750159
2014-01-07,39002.0,55343.0,70.47323058019984
2014-01-14,40401.0,55343.0,73.00110221708256
2014-01-21,41092.0,55343.0,74.2496792728981
2014-01-28,41881.0,55343.0,75.67533382722296
2014-02-04,42521.0,55343.0,76.83175830728366
2014-02-11,44090.0,55343.0,79.6668051966825
2014-02-18,45614.0,55343.0,82.42054098982707
2014-02-25,45438.0,55343.0,82.10252425781039
2014-03-04,45663.0,55343.0,82.50907973908173
2014-03-11,46161.0,55343.0,83.40892253762897
2014-03-18,45803.0,55343.0,82.76204759409501
2014-03-25,45477.0,55343.0,82.17299387456409
2014-04-01,45287.0,55343.0,81.82968035704606
2014-04-08,46253.0,55343.0,83.57515855663769
2014-04-15,46518.0,55343.0,84.05399056791283
2014-04-22,46421.0,55343.0,83.87871998265364
2014-04-29,46380.0,55343.0,83.80463653939974
2014-05-06,46331.0,55343.0,83.7160977901451
2014-05-13,46057.0,55343.0,83.2210035596191
2014-05-20,45748.0,55343.0,82.66266736533979
2014-05-27,45715.0,55343.0,82.60303922808666
2014-06-03,45698.0,55343.0,82.57232170283504
2014-06-10,45431.0,55343.0,82.08987586505972
2014-06-17,44965.0,55343.0,81.24785429051552
2014-06-24,44404.0,55343.0,80.2341759572123
2014-07-01,43828.0,55343.0,79.19339392515765
2014-07-08,43409.0,55343.0,78.4362972733679
2014-07-15,42866.0,55343.0,77.45514337856639
2014-07-22,41933.0,55343.0,75.76929331622789
2014-07-29,40888.0,55343.0,73.88106896987875
2014-08-05,39966.0,55343.0,72.2150949532913
2014-08-12,39017.0,55343.0,70.50033427895127
2014-08-19,38248.0,55343.0,69.11081798962832
2014-08-26,37442.0,55343.0,67.65444591005186
2014-09-02,36562.0,55343.0,66.06436224996838
2014-09-09,35710.0,55343.0,64.52487216088755
2014-09-16,35173.0,55343.0,63.554559745586616
2014-09-23,34991.0,55343.0,63.22570153406935
2014-09-30,34804.0,55343.0,62.88780875630161
2014-10-07,35074.0,55977.0,62.65787734247995
2014-10-14,35252.0,55977.0,62.97586508744663
2014-10-21,35796.0,55977.0,63.94769280240099
2014-10-28,35643.0,55977.0,63.67436625757007
2014-11-04,35344.0,55977.0,63.14021830394626
2014-11-11,35494.0,55977.0,63.40818550476089
2014-11-18,36649.0,55977.0,65.47153295103347
2014-11-25,37086.0,55977.0,66.25221072940673
2014-12-02,37993.0,55977.0,67.87251907033246
2014-12-09,38605.0,55977.0,68.9658252496561
2014-12-16,38940.0,55977.0,69.56428533147543
2014-12-23,39214.0,55977.0,70.05377208496347
2014-12-30,39350.0,55977.0,70.29672901370206
2015-01-06,39507.0,55977.0,70.57720135055469
2015-01-13,39219.0,55977.0,70.06270432499062
2015-01-20,39275.0,55977.0,70.16274541329474
2015-01-27,39561.0,55977.0,70.67366954284796
2015-02-03,40425.0,55977.0,72.21716061954017
2015-02-10,41311.0,55977.0,73.79995355235185
2015-02-17,41368.0,55977.0,73.90178108866141
2015-02-24,41911.0,55977.0,74.87182235561033
2015-03-03,42414.0,55977.0,75.77040570234203
2015-03-10,42862.0,55977.0,76.57073440877504
2015-03-17,42526.0,55977.0,75.97048787895028
2015-03-24,42735.0,55977.0,76.34385551208533
2015-03-31,43397.0,55977.0,77.52648409168052
2015-04-07,43695.0,55977.0,78.05884559729888
2015-04-14,43624.0,55977.0,77.93200778891331
2015-04-21,43745.0,55977.0,78.14816799757043
2015-04-28,43808.0,55977.0,78.26071422191256
2015-05-05,44028.0,55977.0,78.65373278310734
2015-05-12,44192.0,55977.0,78.946710255998
2015-05-19,43687.0,55977.0,78.04455401325545
2015-05-26,43130.0,55977.0,77.0495024742305
2015-06-02,42528.0,55977.0,75.97406077496115
2015-06-09,41745.0,55977.0,74.57527198670883
2015-06-16,41337.0,55977.0,73.84640120049306
2015-06-23,41112.0,55977.0,73.44445039927113
2015-06-30,40284.0,55977.0,71.96527145077442
2015-07-07,39284.0,55977.0,70.17882344534362
2015-07-14,38434.0,55977.0,68.66034264072744
2015-07-21,37255.0,55977.0,66.55412044232453
2015-07-28,36400.0,55977.0,65.0267073976812
2015-08-04,35641.0,55977.0,63.67079336155921
2015-08-11,34857.0,55977.0,62.27021812530146
2015-08-18,34122.0,55977.0,60.957178841309826
2015-08-25,33503.0,55977.0,59.851367525948156
2015-09-01,32929.0,55977.0,58.82594637083088
2015-09-08,32366.0,55977.0,57.82017614377334
2015-09-15,31941.0,55977.0,57.060935741465244
2015-09-22,31781.0,55977.0,56.77510406059632
2015-09-29,31336.0,55977.0,55.98013469817961
2015-10-06,30858.0,55977.0,55.126212551583684
2015-10-13,30809.0,55977.0,55.038676599317576
2015-10-20,30783.0,55977.0,54.99222895117638
2015-10-27,30759.0,55977.0,54.949354199046034
2015-11-03,31052.0,55977.0,55.47278346463726
2015-11-10,31718.0,55977.0,56.66255783625417
2015-11-17,31563.0,55977.0,56.3856583954124
2015-11-24,31295.0,55977.0,55.906890329956944
2015-12-01,31441.0,55977.0,56.167711738749844
2015-12-08,31319.0,55977.0,55.94976508208729
2015-12-15,31213.0,55977.0,55.760401593511624
2015-12-22,31167.0,55977.0,55.67822498526181
2015-12-29,31118.0,55977.0,55.5906890329957
2016-01-05,31450.0,55977.0,56.18378977079872
2016-01-12,33504.0,55977.0,59.85315397395359
2016-01-19,35318.0,55977.0,63.09377065580506
2016-01-26,35519.0,55977.0,63.45284670489665
2016-02-02,35600.0,55977.0,63.59754899333655
2016-02-09,35497.0,55977.0,63.41354484877718
2016-02-16,36852.0,55977.0,65.83418189613592
2016-02-23,37478.0,55977.0,66.9524983475356
2016-03-01,37588.0,55977.0,67.14900762813298
2016-03-08,37924.0,55977.0,67.74925415795774
2016-03-15,38003.0,55977.0,67.89038355038677
2016-03-22,37897.0,55977.0,67.7010200618111
2016-03-29,38211.0,55977.0,68.26196473551637
2016-04-05,38697.0,55977.0,69.13017846615574
2016-04-12,39124.0,55977.0,69.8929917644747
2016-04-19,39709.0,55977.0,70.93806384765172
2016-04-26,40637.0,55977.0,72.5958875966915
2016-05-03,40628.0,55977.0,72.57980956464262
2016-05-10,40707.0,55977.0,72.72093895707165
2016-05-17,42188.0,55977.0,75.36666845311467
2016-05-24,42141.0,55977.0,75.28270539685943
2016-05-31,41931.0,55977.0,74.90755131571896
2016-06-07,41702.0,55977.0,74.4984547224753
2016-06-14,41238.0,55977.0,73.66954284795541
2016-06-21,40771.0,55977.0,72.83527162941922
2016-06-28,40143.0,55977.0,71.71338228200868
2016-07-05,39424.0,55977.0,70.42892616610393
2016-07-12,38628.0,55977.0,69.00691355378102
2016-07-19,37841.0,55977.0,67.60097897350698
2016-07-26,36831.0,55977.0,65.79666648802187
2016-08-02,35898.0,55977.0,64.12991049895493
2016-08-09,34778.0,55977.0,62.12908873287243
2016-08-16,33891.0,55977.0,60.54450935205531
2016-08-23,33242.0,55977.0,59.38510459653072
2016-08-30,32351.0,55977.0,57.793379423691874
2016-09-06,31252.0,55977.0,55.830073065723425
2016-09-13,30324.0,55977.0,54.17224931668364
2016-09-20,29745.0,55977.0,53.137895921539204
2016-09-27,29197.0,55977.0,52.15892241456312
2016-10-04,28749.0,55981.0,51.354923992068734
2016-10-11,28266.0,55978.0,50.49483725749401
2016-10-18,27736.0,55978.0,49.548036728714855
2016-10-25,27318.0,55978.0,48.80131480224374
2016-11-01,27141.0,55978.0,48.48511915395334
2016-11-08,27002.0,55978.0,48.23680731716031
2016-11-15,27009.0,55978.0,48.249312229804566
2016-11-22,26928.0,55978.0,48.10461252634964
2016-11-29,28167.0,55978.0,50.317982064382434
2016-12-06,28547.0,55978.0,50.99682017935618
2016-12-13,28685.0,55978.0,51.24334560005717
2016-12-20,28692.0,55978.0,51.25585051270142
2016-12-27,28599.0,55978.0,51.08971381614206
2017-01-03,28580.0,55978.0,51.05577191039337
2017-01-10,28432.0,55978.0,50.791382328772016
2017-01-17,28327.0,55978.0,50.60380863910822
2017-01-24,28373.0,55978.0,50.68598377934188
2017-01-31,28028.0,55978.0,50.06967022758941
2017-02-07,29147.0,55978.0,52.06866983457787
2017-02-14,30407.0,55978.0,54.31955411054343
2017-02-21,32044.0,55978.0,57.24391725320662
2017-02-28,32476.0,55978.0,58.015649004966235
2017-03-07,32740.0,55978.0,58.48726285326378
2017-03-14,33032.0,55978.0,59.00889635213834
2017-03-21,33174.0,55978.0,59.26256743720747
2017-03-28,33064.0,55978.0,59.066061667083495
2017-04-04,33303.0,55978.0,59.49301511308014
2017-04-11,33313.0,55978.0,59.5108792740005
2017-04-18,33082.0,55978.0,59.09821715674015
2017-04-25,32800.0,55973.0,58.599681989530666
2017-05-02,32521.0,55973.0,58.10122737748557
2017-05-09,32301.0,55973.0,57.70818072999482
2017-05-16,32422.0,55973.0,57.92435638611473
2017-05-23,32344.0,55973.0,57.78500348382256
2017-05-30,32000.0,55973.0,57.17042145320065
2017-06-06,31618.0,55973.0,56.48794954710307
2017-06-13,31309.0,55973.0,55.9358976649456
2017-06-20,30678.0,55973.0,54.8085684169153
2017-06-27,29928.0,55973.0,53.46863666410591
2017-07-04,29407.0,55973.0,52.53783073982098
2017-07-11,28792.0,55973.0,51.43908670251729
2017-07-18,28242.0,55973.0,50.4564700837904
2017-07-25,27485.0,55973.0,49.10403230128812
2017-08-01,26826.0,55973.0,47.92667893448627
2017-08-08,26004.0,55973.0,46.45811373340718
2017-08-15,25200.0,55973.0,45.021706894395514
2017-08-22,24607.0,55973.0,43.962267521840886
2017-08-29,23985.0,55973.0,42.8510174548443
2017-09-05,23522.0,55973.0,42.0238329194433
2017-09-12,23030.0,55973.0,41.144837689600344
2017-09-19,22531.0,55973.0,40.25333643006449
2017-09-26,22053.0,55977.0,39.396537863765474
2017-10-03,21786.0,56075.0,38.85153811859117
2017-10-10,21484.0,56075.0,38.31297369594294
2017-10-17,21227.0,56075.0,37.85465893892109
2017-10-24,21169.0,56075.0,37.75122603655818
2017-10-31,21024.0,56075.0,37.492643780650916
2017-11-07,20920.0,56075.0,37.30717788675881
2017-11-14,20873.0,56075.0,37.2233615693268
2017-11-21,20768.0,56075.0,37.03611234953188
2017-11-28,20575.0,56075.0,36.69193045028979
2017-12-05,20446.0,56075.0,36.461881408827466
2017-12-12,20475.0,56075.0,36.513597860008915
2017-12-19,21106.0,56075.0,37.63887650468123
2017-12-26,21391.0,56075.0,38.14712438698172
2018-01-02,21832.0,56075.0,38.933571110120376
2018-01-09,22632.0,56075.0,40.36023183236737
2018-01-16,23065.0,56075.0,41.13241194828355
2018-01-23,23254.0,56075.0,41.4694605439144
2018-01-30,23508.0,56075.0,41.92242532322782
2018-02-06,23618.0,56075.0,42.11859117253678
2018-02-13,23526.0,56075.0,41.954525189478375
2018-02-20,24077.0,56075.0,42.93713776192599
2018-02-27,24413.0,56075.0,43.53633526526973
2018-03-06,26307.0,56074.0,46.91479116881264
2018-03-13,30120.0,56074.0,53.714734101366055
2018-03-20,33729.0,56074.0,60.15087206191818
2018-03-27,34979.0,56074.0,62.38006919427899
2018-04-03,35781.0,56074.0,63.81032207440168
2018-04-10,36628.0,56074.0,65.32082605128937
2018-04-17,38461.0,56074.0,68.58972072618326
2018-04-24,39690.0,56074.0,70.7814673467204
2018-05-01,39850.0,56074.0,71.06680457966259
2018-05-08,40109.0,56074.0,71.52869422548775
2018-05-15,40221.0,56074.0,71.72843028854727
2018-05-22,40257.0,56074.0,71.79263116595926
2018-05-29,40287.0,56074.0,71.84613189713593
2018-06-05,40591.0,56074.0,72.38827263972608
2018-06-12,40846.0,56074.0,72.84302885472768
2018-06-19,40868.0,56074.0,72.88226272425723
2018-06-26,40328.0,56074.0,71.91924956307736
2018-07-03,39603.0,56074.0,70.6263152263081
2018-07-10,38935.0,56074.0,69.43503227877447
2018-07-17,38254.0,56074.0,68.22056568106431
2018-07-24,37501.0,56074.0,66.87769732853016
2018-07-31,36481.0,56074.0,65.05867246852374
2018-08-07,35574.0,56074.0,63.44116702928273
2018-08-14,34787.0,56074.0,62.03766451474837
2018-08-21,34051.0,56074.0,60.725113243214324
2018-08-28,33180.0,56074.0,59.171808681385315
2018-09-04,32279.0,56074.0,57.565003388379644
2018-09-11,31643.0,56074.0,56.43078788743446
2018-09-18,31006.0,56074.0,55.29478902878339
2018-09-25,30363.0,56074.0,54.14809002389699
2018-10-02,29794.0,56074.0,53.13335948924635
2018-10-09,29309.0,56074.0,52.268431001890356
2018-10-16,29001.0,56074.0,51.719156828476656
2018-10-23,29371.0,56074.0,52.37899917965546
2018-10-30,29186.0,56074.0,52.049078004066054
2018-11-06,29307.0,56074.0,52.264864286478584
2018-11-13,29885.0,56074.0,53.29564504048222
2018-11-20,30107.0,56074.0,53.6915504511895
2018-11-27,30367.0,56074.0,54.15522345472055
2018-12-04,30741.0,56074.0,54.8221992367229
2018-12-11,30755.0,56074.0,54.84716624460534
2018-12-18,30804.0,56074.0,54.93455077219389
2018-12-25,31040.0,56074.0,55.355423190783604
2019-01-01,30935.0,56074.0,55.1681706316653
2019-01-08,30739.0,56074.0,54.81863252131112
2019-01-15,30548.0,56074.0,54.478011199486396
2019-01-22,30261.0,56118.0,53.923874692611996
2019-01-29,30718.0,56118.0,54.73823015788161
2019-02-05,31982.0,56118.0,56.99062689333191
2019-02-12,32571.0,56118.0,58.040201005025125
2019-02-19,32801.0,56118.0,58.45005167682383
2019-02-26,32846.0,56118.0,58.53023985174097
2019-03-05,32554.0,56118.0,58.009907694500875
2019-03-12,32936.0,56118.0,58.69061620157525
2019-03-19,32845.0,56118.0,58.52845789229837
2019-03-26,32627.0,56118.0,58.1399907338109
2019-04-02,32407.0,56118.0,57.74795965643822
2019-04-09,32213.0,56118.0,57.40225952457322
2019-04-16,32389.0,56118.0,57.715884386471366
2019-04-23,32788.0,56118.0,58.426886204069994
2019-04-30,33614.0,56118.0,59.89878470366015
2019-05-07,34033.0,56118.0,60.645425710110835
2019-05-14,34043.0,56118.0,60.66324530453687
2019-05-21,33944.0,56118.0,60.486831319719165
2019-05-28,33852.0,56118.0,60.32289105099968
2019-06-04,33587.0,56118.0,59.85067179870986
2019-06-11,33271.0,56118.0,59.287572614847285
2019-06-18,32814.0,56118.0,58.47321714957768
2019-06-25,32241.0,56118.0,57.45215438896611
2019-07-02,31591.0,56118.0,56.2938807512741
2019-07-09,30745.0,56118.0,54.78634306283189
2019-07-16,30181.0,56118.0,53.78131793720375
2019-07-23,29342.0,56118.0,52.28625396485976
2019-07-30,28448.0,56118.0,50.6931822231726
2019-08-06,27716.0,56118.0,49.388787911187144
2019-08-13,27024.0,56118.0,48.15567197690581
2019-08-20,26232.0,56118.0,46.74436009836416
2019-08-27,25659.0,56118.0,45.72329733775259
2019-09-03,24991.0,56118.0,44.53294843009373
2019-09-10,24328.0,56118.0,43.35150931964788
2019-09-17,23798.0,56118.0,42.40707081506825
2019-09-24,23383.0,56118.0,41.66755764638797
2019-10-01,23038.0,56113.0,41.05643968420865
2019-10-08,22656.0,56113.0,40.37567052198243
2019-10-15,22344.0,56113.0,39.81964963555682
2019-10-22,22313.0,56113.0,39.76440397055941
2019-10-29,22605.0,56113.0,40.28478249247055
2019-11-05,22713.0,56113.0,40.47725126084865
2019-11-12,23243.0,55622.0,41.78742224299737
2019-11-19,24251.0,55622.0,43.59965481284384
2019-11-26,25104.0,55622.0,45.13322066808097
2019-12-03,26233.0,55622.0,47.16299306029988
2019-12-10,26463.0,55622.0,47.57649850778469
2019-12-17,26955.0,55622.0,48.46104059544784
2019-12-24,30972.0,55622.0,55.683003128258605
2019-12-31,31817.0,55622.0,57.202186185322354
2020-01-07,31740.0,55622.0,57.06375175290353
2020-01-14,31480.0,55622.0,56.59631081226853
2020-01-21,31384.0,55622.0,56.42371723418791
2020-01-28,31927.0,55622.0,57.399949660206396
2020-02-04,32760.0,55622.0,58.897558520010065
2020-02-11,33000.0,55622.0,59.32904246521161
2020-02-18,32916.0,55622.0,59.17802308439107
2020-02-25,32738.0,55622.0,58.85800582503326
2020-03-03,32551.0,55622.0,58.52180791773039
2020-03-10,33234.0,55622.0,59.74973931178311
2020-03-17,33296.0,55622.0,59.86120599762684
2020-03-24,33840.0,55622.0,60.839236273416994
2020-03-31,33868.0,55622.0,60.88957606702384
2020-04-07,34366.0,55622.0,61.784905253317035
2020-04-14,34877.0,55622.0,62.703606486641974
2020-04-21,35856.0,55622.0,64.46370141310992
2020-04-28,36396.0,55622.0,65.43454028981338
2020-05-05,36953.0,55622.0,66.43594261263529
2020-05-12,36945.0,55622.0,66.4215598144619
2020-05-19,37280.0,55622.0,67.02383948797238
2020-05-26,37361.0,55622.0,67.16946531947791
2020-06-02,37120.0,55622.0,66.7361835245047
2020-06-09,36806.0,55622.0,66.17165869619934
2020-06-16,36607.0,55622.0,65.8138865916364
2020-06-23,36192.0,55622.0,65.06777893639207
2020-06-30,35586.0,55622.0,63.97828197475819
2020-07-07,34896.0,55622.0,62.73776563230376
2020-07-14,34244.0,55622.0,61.565567581172914
2020-07-21,33493.0,55622.0,60.21538240264643
2020-07-28,32630.0,55622.0,58.663838049692565
2020-08-04,31591.0,55622.0,56.79587213692424
2020-08-11,30458.0,55622.0,54.75890834561864
2020-08-18,30002.0,55622.0,53.93908884973572
2020-08-25,29111.0,55622.0,52.337204703175004
2020-09-01,28283.0,55622.0,50.84858509222969
2020-09-08,27600.0,55622.0,49.62065369817698
2020-09-15,26892.0,55622.0,48.34777605983244
2020-09-22,26296.0,55622.0,47.27625759591528
2020-09-29,25868.0,55622.0,46.50677789363921
2020-10-06,25845.0,55899.0,46.23517415338378
2020-10-13,25632.0,55899.0,45.854129769763325
2020-10-20,25278.0,55899.0,45.22084473783073
2020-10-27,25935.0,55899.0,46.39617882251919
2020-11-03,26062.0,55899.0,46.623374300076925
2020-11-10,26395.0,55899.0,47.219091575877925
2020-11-17,26504.0,55899.0,47.41408611960858
2020-11-24,26405.0,55899.0,47.23698098355963
2020-12-01,26274.0,55899.0,47.00262974292921
2020-12-08,26235.0,55899.0,46.93286105297054
2020-12-15,27266.0,55899.0,48.77725898495501
2020-12-22,28078.0,55899.0,50.22987888871
2020-12-29,28486.0,55899.0,50.95976672212383
2021-01-05,28692.0,55899.0,51.32828852036709
2021-01-12,28381.0,55899.0,50.77192794146586
2021-01-19,27957.0,55899.0,50.01341705576128
2021-01-26,29160.0,55899.0,52.165512799871195
2021-02-02,30941.0,55899.0,55.351616307984045
2021-02-09,32482.0,55899.0,58.108374031735806
2021-02-16,34827.0,55899.0,62.30344013309719
2021-02-23,35592.0,55899.0,63.671979820748135
2021-03-02,35991.0,55899.0,64.38576718724843
2021-03-09,36018.0,55899.0,64.43406858798905
2021-03-16,35888.0,55899.0,64.2015062881268
2021-03-23,35877.0,55899.0,64.18182793967692
2021-03-30,35378.0,55899.0,63.28914649635951
2021-04-06,35248.0,55899.0,63.056584196497255
2021-04-13,34891.0,55899.0,62.41793234226015
2021-04-20,34458.0,55899.0,61.643320989642035
2021-04-27,34047.0,55899.0,60.908066333923685
2021-05-04,34036.0,55899.0,60.8883879854738
2021-05-11,33926.0,55899.0,60.691604500974975
2021-05-18,34075.0,55899.0,60.95815667543248
2021-05-25,33875.0,55899.0,60.600368521798245
2021-06-01,33363.0,55899.0,59.68443084849461
2021-06-08,33098.0,55899.0,59.21036154492925
2021-06-15,32611.0,55899.0,58.339147390829886
2021-06-22,32266.0,55899.0,57.721962825810834
2021-06-29,31851.0,55899.0,56.9795524070198
2021-07-06,30974.0,55899.0,55.41065135333369
2021-07-13,29857.0,55899.0,53.4124045152865
2021-07-20,28877.0,55899.0,51.65924256247876
2021-07-27,27958.0,55899.0,50.01520599652945
2021-08-03,27092.0,55899.0,48.46598329129323
2021-08-10,26289.0,55899.0,47.02946385445178
2021-08-17,25353.0,55899.0,45.355015295443565
2021-08-24,24571.0,55899.0,43.956063614733715
2021-08-31,23823.0,55899.0,42.61793592014168
2021-09-07,23332.0,55899.0,41.73956600296964
2021-09-14,22868.0,55899.0,40.90949748653822
2021-09-21,22646.0,55899.0,40.51235263600422
2021-09-28,22537.0,55899.0,40.317358092273565
2021-10-05,22422.0,56136.0,39.94228302693459
2021-10-12,22252.0,56136.0,39.63944705714693
2021-10-19,22015.0,56136.0,39.21725808750178
2021-10-26,21786.0,56136.0,38.80932022231723
2021-11-02,21897.0,56136.0,39.00705429670799
2021-11-09,22205.0,56136.0,39.55572181844093
2021-11-16,22108.0,56136.0,39.38292717685621
2021-11-23,21929.0,56136.0,39.06405871455038
2021-11-30,21999.0,56136.0,39.18875587858059
2021-12-07,22456.0,56136.0,40.00285022089212
2021-12-14,23482.0,56136.0,41.830554367963515
2021-12-21,23725.0,56136.0,42.26343166595411
2021-12-28,23960.0,56136.0,42.68205785948411
2022-01-04,24552.0,56136.0,43.73663958956819
2022-01-11,24911.0,56136.0,44.37615790223742
2022-01-18,25417.0,56136.0,45.2775402593701
2022-01-25,25335.0,56136.0,45.13146643864899
2022-02-01,25130.0,56136.0,44.76628188684623
2022-02-08,25042.0,56136.0,44.60951973777968
2022-02-15,24882.0,56136.0,44.324497648567764
2022-02-22,24868.0,56136.0,44.29955821576172
2022-03-01,24705.0,56136.0,44.00919196237709
2022-03-08,24619.0,56136.0,43.85599258942568
2022-03-15,24752.0,56136.0,44.09291720108308
2022-03-22,25214.0,56136.0,44.91591848368248
2022-03-29,26282.0,56136.0,46.81844092917201
2022-04-05,26620.0,56136.0,47.420550092632176
2022-04-12,26834.0,56136.0,47.80176713695312
2022-04-19,27244.0,56136.0,48.53213624055864
2022-04-26,27844.0,56136.0,49.60096907510332
2022-05-03,28379.0,56136.0,50.55401168590566
2022-05-10,28452.0,56136.0,50.68405301410859
2022-05-17,28301.0,56136.0,50.41506341741485
2022-05-24,28105.0,56136.0,50.06591135813026
2022-05-31,27814.0,56136.0,49.54752743337609
2022-06-07,27489.0,56136.0,48.96857631466439
2022-06-14,27040.0,56136.0,48.16873307681345
2022-06-21,26437.0,56136.0,47.094556078096055
2022-06-28,25968.0,56136.0,46.25908507909363
2022-07-05,25440.0,56136.0,45.31851218469431
2022-07-12,24917.0,56098.0,44.416913258939715
2022-07-19,24260.0,56136.0,43.21647427675645
2022-07-26,23521.0,56136.0,41.90002850220892
2022-08-02,22689.0,56136.0,40.41791363830697
2022-08-09,21996.0,56125.0,39.19109131403118
2022-08-16,21291.0,56136.0,37.92753313381787
2022-08-23,20702.0,56136.0,36.87829556790651
2022-08-30,20174.0,56136.0,35.937722673507196
2022-09-06,19671.0,56136.0,35.04168448054724
2022-09-13,19209.0,56136.0,34.21868319794784
2022-09-20,18810.0,56136.0,33.50790936297563
2022-09-27,18269.0,56136.0,32.544178423827844
2022-10-04,17944.0,56069.0,32.00342435213754
2022-10-11,17747.0,56069.0,31.652071554691542
2022-10-18,17599.0,56069.0,31.38811107742246
2022-10-25,17819.0,56069.0,31.78048475984947
2022-11-01,18038.0,56069.0,32.17107492553818
2022-11-08,18158.0,56069.0,32.38509693413473
2022-11-15,18249.0,56069.0,32.547396957320444
2022-11-22,18444.0,56069.0,32.89518272128984
2022-11-29,19241.0,56069.0,34.316645561718595
2022-12-06,19256.0,56069.0,34.34339831279316
2022-12-13,20021.0,56069.0,35.70778861759618
2022-12-20,23552.0,56069.0,42.00538622054968
2022-12-27,24862.0,56069.0,44.341793147728694
2023-01-03,25977.0,56069.0,46.33041431093831
2023-01-10,26701.0,56069.0,47.62168042947083
2023-01-17,27190.0,56069.0,48.49382011450177
2023-01-24,28533.0,56069.0,50.889083094044835
2023-01-31,28775.0,56069.0,51.32069414471455
2023-02-07,28590.0,56069.0,50.9907435481282
2023-02-14,28401.0,56069.0,50.65365888458863
2023-02-21,28356.0,56069.0,50.573400631364926
2023-02-28,28455.0,56069.0,50.74996878845708
2023-03-07,28295.0,56069.0,50.46460611032835
2023-03-14,28730.0,56069.0,51.24043589149084
2023-03-21,28971.0,56069.0,51.67026342542225
2023-03-28,29012.0,56069.0,51.74338761169273
2023-04-04,28886.0,56069.0,51.518664502666354
2023-04-11,28682.0,56069.0,51.15482708805222
2023-04-18,28400.0,56069.0,50.65187536785033
2023-04-25,28074.0,56069.0,50.070448911163034
2023-05-02,27823.0,56069.0,49.62278620984858
2023-05-09,27417.0,56069.0,48.89867841409691
2023-05-16,27033.0,56069.0,48.21380798658795
2023-05-23,26726.0,56069.0,47.666268347928444
2023-05-30,26640.0,56069.0,47.51288590843425
2023-06-06,26588.0,56069.0,47.42014303804241
2023-06-13,26648.0,56069.0,47.52715404234069
2023-06-20,26550.0,56069.0,47.352369401986834
2023-06-27,26472.0,56069.0,47.21325509639908
2023-07-04,26079.0,56069.0,46.51233301824538
2023-07-11,25651.0,56069.0,45.74898785425101
2023-07-18,25043.0,56069.0,44.664609677361824
2023-07-25,24329.0,56069.0,43.391178726212345
2023-08-01,23637.0,56069.0,42.15698514330557
2023-08-08,23054.0,56069.0,41.117194884873996
2023-08-15,22379.0,56069.0,39.913321086518394
2023-08-22,21750.0,56069.0,38.79148905812481
2023-08-29,21082.0,56069.0,37.60009987693734
2023-09-05,20763.0,56069.0,37.03115803741818
2023-09-12,20734.0,56069.0,36.97943605200735
2023-09-19,20623.0,56069.0,36.78146569405554
2023-09-26,20482.0,56069.0,36.529989833954595
2023-10-03,20098.0,56039.0,35.86430878495334
2023-10-10,19775.0,56039.0,35.2879244811649
2023-10-17,19368.0,56039.0,34.5616445689609
2023-10-24,19945.0,56039.0,35.591284641053555
2023-10-31,21251.0,56039.0,37.92180445760988
2023-11-07,23379.0,56039.0,41.71915987080426
2023-11-14,24414.0,56039.0,43.566087903067505
2023-11-21,24466.0,56039.0,43.65888042256286
2023-11-28,24341.0,56039.0,43.43582148146826
2023-12-05,25006.0,56039.0,44.62249504809151
2023-12-12,25621.0,56039.0,45.71994503827691
2023-12-19,25940.0,56039.0,46.28919145595032
2023-12-26,25831.0,56039.0,46.09468405931583
2024-01-02,25474.0,56039.0,45.45762772354967
2024-01-09,25698.0,56039.0,45.85734934599118
2024-01-16,25356.0,56039.0,45.24706008315637
2024-01-23,28288.0,56039.0,50.47913060547119
2024-01-30,28476.0,56039.0,50.81461125287746
2024-02-06,28095.0,56039.0,50.13472760042114
2024-02-13,28648.0,56039.0,51.121540355823626
2024-02-20,29182.0,56039.0,52.074448152179734
2024-02-27,29665.0,56039.0,52.936347900569245
2024-03-05,30673.0,56039.0,54.73509520155606
2024-03-12,31844.0,56039.0,56.82471136173022
2024-03-19,32418.0,56039.0,57.8489980192366
2024-03-26,32407.0,56039.0,57.82936883242028
